{
  "playlists": [
    {
      "name": "Gym",
      "lastModifiedDate": "2022-08-07",
      "items": [
        {
          "track": {
            "trackName": "London View (Remix)",
            "artistName": "OTP",
            "albumName": "London View (Remix)",
            "trackUri": "spotify:track:0UPZYZghuk0ShJKrEiZ5jv"
          },
          "episode": null,
          "localTrack": null,
          "addedDate": "2022-07-25"
        },
        {
          "track": {
            "trackName": "Run It Up (feat. Offset & Moneybagg Yo)",
            "artistName": "Lil Tjay",
            "albumName": "Destined 2 Win",
            "trackUri": "spotify:track:1dg3qy5DjoJodawfOCgrTP"
          },
          "episode": null,
          "localTrack": null,
          "addedDate": "2022-07-25"
        },
        {
          "track": {
            "trackName": "Hello (feat. A Boogie Wit da Hoodie)",
            "artistName": "Pop Smoke",
            "albumName": "Shoot For The Stars Aim For The Moon",
            "trackUri": "spotify:track:2r6OAV3WsYtXuXjvJ1lIDi"
          },
          "episode": null,
          "localTrack": null,
          "addedDate": "2022-07-25"
        },
        {
          "track": {
            "trackName": "Love Me Back (Fayahh Beat)",
            "artistName": "Trinidad Cardona",
            "albumName": "Love Me Back (Fayahh Beat)",
            "trackUri": "spotify:track:5ZF6l3xKi3m6YK2dDXAsR5"
          },
          "episode": null,
          "localTrack": null,
          "addedDate": "2022-07-25"
        },
        {
          "track": {
            "trackName": "Sunroof",
            "artistName": "Nicky Youre",
            "albumName": "Sunroof",
            "trackUri": "spotify:track:4h4QlmocP3IuwYEj2j14p8"
          },
          "episode": null,
          "localTrack": null,
          "addedDate": "2022-07-25"
        },
        {
          "track": {
            "trackName": "PS5 (with TOMORROW X TOGETHER & Alan Walker)",
            "artistName": "salem ilese",
            "albumName": "PS5 (with TOMORROW X TOGETHER & Alan Walker)",
            "trackUri": "spotify:track:7xNCacksfUkYXsXuSW4vNF"
          },
          "episode": null,
          "localTrack": null,
          "addedDate": "2022-07-25"
        },
        {
          "track": {
            "trackName": "MIDDLE OF THE NIGHT",
            "artistName": "Elley Duhé",
            "albumName": "MIDDLE OF THE NIGHT",
            "trackUri": "spotify:track:58HvfVOeJY7lUuCqF0m3ly"
          },
          "episode": null,
          "localTrack": null,
          "addedDate": "2022-07-26"
        },
        {
          "track": {
            "trackName": "Rover (feat. Lil Tecca)",
            "artistName": "S1mba",
            "albumName": "Rover (feat. Lil Tecca)",
            "trackUri": "spotify:track:6E6RS1uUDxxYiWMmEKrxnh"
          },
          "episode": null,
          "localTrack": null,
          "addedDate": "2022-07-27"
        },
        {
          "track": {
            "trackName": "Habibi - Albanian Remix",
            "artistName": "Ricky Rich",
            "albumName": "Habibi",
            "trackUri": "spotify:track:2sHYMLUd4nVLxHPKY05Ein"
          },
          "episode": null,
          "localTrack": null,
          "addedDate": "2022-07-27"
        },
        {
          "track": {
            "trackName": "Slow Motion",
            "artistName": "AMARIA BB",
            "albumName": "Slow Motion",
            "trackUri": "spotify:track:493QaNbrvbEiQdPH9hDP6z"
          },
          "episode": null,
          "localTrack": null,
          "addedDate": "2022-07-27"
        },
        {
          "track": {
            "trackName": "Replay",
            "artistName": "Iyaz",
            "albumName": "Replay",
            "trackUri": "spotify:track:4E5P1XyAFtrjpiIxkydly4"
          },
          "episode": null,
          "localTrack": null,
          "addedDate": "2022-07-27"
        },
        {
          "track": {
            "trackName": "MONEY",
            "artistName": "LISA",
            "albumName": "LALISA",
            "trackUri": "spotify:track:45OX2jjEw1l7lOFJfDP9fv"
          },
          "episode": null,
          "localTrack": null,
          "addedDate": "2022-07-28"
        },
        {
          "track": {
            "trackName": "Somebody That I Used To Know",
            "artistName": "Gotye",
            "albumName": "Making Mirrors",
            "trackUri": "spotify:track:1qDrWA6lyx8cLECdZE7TV7"
          },
          "episode": null,
          "localTrack": null,
          "addedDate": "2022-07-31"
        },
        {
          "track": {
            "trackName": "Ashes",
            "artistName": "Stellar",
            "albumName": "Ashes",
            "trackUri": "spotify:track:3Pj6u2KTgepyyidp5xfbHp"
          },
          "episode": null,
          "localTrack": null,
          "addedDate": "2022-08-03"
        },
        {
          "track": {
            "trackName": "Until I Found You",
            "artistName": "Stephen Sanchez",
            "albumName": "Until I Found You",
            "trackUri": "spotify:track:0T5iIrXA4p5GsubkhuBIKV"
          },
          "episode": null,
          "localTrack": null,
          "addedDate": "2022-08-07"
        }
      ],
      "description": null,
      "numberOfFollowers": 0
    },
    {
      "name": "My Playlist #27",
      "lastModifiedDate": "2022-04-24",
      "items": [
      ],
      "description": null,
      "numberOfFollowers": 0
    },
    {
      "name": "Yeszir",
      "lastModifiedDate": "2022-09-17",
      "items": [
        {
          "track": {
            "trackName": "SNAP",
            "artistName": "Rosa Linn",
            "albumName": "SNAP",
            "trackUri": "spotify:track:76OGwb5RA9h4FxQPT33ekc"
          },
          "episode": null,
          "localTrack": null,
          "addedDate": "2022-09-07"
        },
        {
          "track": {
            "trackName": "Reggae & Calypso (Russ Millions x Buni x YV)",
            "artistName": "Russ Millions",
            "albumName": "One Of A Kind Music Presents: Reggae & Calypso (Russ Millions x Buni x YV)",
            "trackUri": "spotify:track:3FMedgGsLUNwx8NciePFEK"
          },
          "episode": null,
          "localTrack": null,
          "addedDate": "2022-09-07"
        },
        {
          "track": {
            "trackName": "This Could Be Us",
            "artistName": "Rae Sremmurd",
            "albumName": "SremmLife",
            "trackUri": "spotify:track:4jTiyLlOJVJj3mCr7yfPQD"
          },
          "episode": null,
          "localTrack": null,
          "addedDate": "2022-09-07"
        },
        {
          "track": {
            "trackName": "Often - Kygo Remix",
            "artistName": "The Weeknd",
            "albumName": "Often",
            "trackUri": "spotify:track:27NV2KxoQ8WuLMqlTDI61F"
          },
          "episode": null,
          "localTrack": null,
          "addedDate": "2022-09-07"
        },
        {
          "track": {
            "trackName": "Bad Dream",
            "artistName": "Stellar",
            "albumName": "Bad Dream",
            "trackUri": "spotify:track:4vDGc8mD9kHbC2Yy6pF6SE"
          },
          "episode": null,
          "localTrack": null,
          "addedDate": "2022-09-07"
        },
        {
          "track": {
            "trackName": "Sunroof",
            "artistName": "Nicky Youre",
            "albumName": "Sunroof",
            "trackUri": "spotify:track:4h4QlmocP3IuwYEj2j14p8"
          },
          "episode": null,
          "localTrack": null,
          "addedDate": "2022-09-07"
        },
        {
          "track": {
            "trackName": "PS5 (with TOMORROW X TOGETHER & Alan Walker)",
            "artistName": "salem ilese",
            "albumName": "PS5 (with TOMORROW X TOGETHER & Alan Walker)",
            "trackUri": "spotify:track:7xNCacksfUkYXsXuSW4vNF"
          },
          "episode": null,
          "localTrack": null,
          "addedDate": "2022-09-07"
        },
        {
          "track": {
            "trackName": "Until I Found You",
            "artistName": "Stephen Sanchez",
            "albumName": "Until I Found You",
            "trackUri": "spotify:track:0T5iIrXA4p5GsubkhuBIKV"
          },
          "episode": null,
          "localTrack": null,
          "addedDate": "2022-09-07"
        },
        {
          "track": {
            "trackName": "Starboy",
            "artistName": "The Weeknd",
            "albumName": "Starboy",
            "trackUri": "spotify:track:7MXVkk9YMctZqd1Srtv4MB"
          },
          "episode": null,
          "localTrack": null,
          "addedDate": "2022-09-07"
        },
        {
          "track": {
            "trackName": "London View (Remix)",
            "artistName": "OTP",
            "albumName": "London View (Remix)",
            "trackUri": "spotify:track:0UPZYZghuk0ShJKrEiZ5jv"
          },
          "episode": null,
          "localTrack": null,
          "addedDate": "2022-09-07"
        },
        {
          "track": {
            "trackName": "Run It Up (feat. Offset & Moneybagg Yo)",
            "artistName": "Lil Tjay",
            "albumName": "Destined 2 Win",
            "trackUri": "spotify:track:1dg3qy5DjoJodawfOCgrTP"
          },
          "episode": null,
          "localTrack": null,
          "addedDate": "2022-09-07"
        },
        {
          "track": {
            "trackName": "Hello (feat. A Boogie Wit da Hoodie)",
            "artistName": "Pop Smoke",
            "albumName": "Shoot For The Stars Aim For The Moon",
            "trackUri": "spotify:track:2r6OAV3WsYtXuXjvJ1lIDi"
          },
          "episode": null,
          "localTrack": null,
          "addedDate": "2022-09-07"
        },
        {
          "track": {
            "trackName": "Rude",
            "artistName": "MAGIC!",
            "albumName": "Don't Kill the Magic",
            "trackUri": "spotify:track:6RtPijgfPKROxEzTHNRiDp"
          },
          "episode": null,
          "localTrack": null,
          "addedDate": "2022-09-07"
        },
        {
          "track": {
            "trackName": "Not Over Yet (feat. Tom Grennan)",
            "artistName": "KSI",
            "albumName": "Not Over Yet (feat. Tom Grennan)",
            "trackUri": "spotify:track:3t2Hx5FPih5lKaxJFd6bRE"
          },
          "episode": null,
          "localTrack": null,
          "addedDate": "2022-09-07"
        },
        {
          "track": {
            "trackName": "Ghost",
            "artistName": "Confetti",
            "albumName": "Ghost",
            "trackUri": "spotify:track:30uCmqegKQnH5AbOE51gPD"
          },
          "episode": null,
          "localTrack": null,
          "addedDate": "2022-09-07"
        },
        {
          "track": {
            "trackName": "Roses - Imanbek Remix",
            "artistName": "SAINt JHN",
            "albumName": "Roses",
            "trackUri": "spotify:track:24Yi9hE78yPEbZ4kxyoXAI"
          },
          "episode": null,
          "localTrack": null,
          "addedDate": "2022-09-07"
        },
        {
          "track": {
            "trackName": "idfc",
            "artistName": "blackbear",
            "albumName": "dead",
            "trackUri": "spotify:track:3SErMoIKdRELto2OspGs5L"
          },
          "episode": null,
          "localTrack": null,
          "addedDate": "2022-09-07"
        },
        {
          "track": {
            "trackName": "The Hills",
            "artistName": "The Weeknd",
            "albumName": "Beauty Behind The Madness",
            "trackUri": "spotify:track:7fBv7CLKzipRk6EC6TWHOB"
          },
          "episode": null,
          "localTrack": null,
          "addedDate": "2022-09-08"
        },
        {
          "track": {
            "trackName": "Somebody That I Used To Know",
            "artistName": "Gotye",
            "albumName": "Making Mirrors",
            "trackUri": "spotify:track:1qDrWA6lyx8cLECdZE7TV7"
          },
          "episode": null,
          "localTrack": null,
          "addedDate": "2022-09-12"
        },
        {
          "track": {
            "trackName": "Under The Influence",
            "artistName": "Chris Brown",
            "albumName": "Indigo (Extended)",
            "trackUri": "spotify:track:5IgjP7X4th6nMNDh4akUHb"
          },
          "episode": null,
          "localTrack": null,
          "addedDate": "2022-09-17"
        }
      ],
      "description": null,
      "numberOfFollowers": 4
    },
    {
      "name": "My Playlist #25",
      "lastModifiedDate": "2022-08-30",
      "items": [
        {
          "track": {
            "trackName": "Arabian Nights (2019)",
            "artistName": "Will Smith",
            "albumName": "Aladdin",
            "trackUri": "spotify:track:6ZxPYutGhjLTrcmvcshCa4"
          },
          "episode": null,
          "localTrack": null,
          "addedDate": "2022-08-30"
        },
        {
          "track": {
            "trackName": "Prince Ali",
            "artistName": "Will Smith",
            "albumName": "Aladdin",
            "trackUri": "spotify:track:1Pt2STlAgfB1CiEV8mf3CN"
          },
          "episode": null,
          "localTrack": null,
          "addedDate": "2022-08-30"
        }
      ],
      "description": null,
      "numberOfFollowers": 0
    },
    {
      "name": "BAN KAI",
      "lastModifiedDate": "2022-10-23",
      "items": [
        {
          "track": {
            "trackName": "The Hills",
            "artistName": "The Weeknd",
            "albumName": "Beauty Behind The Madness",
            "trackUri": "spotify:track:7fBv7CLKzipRk6EC6TWHOB"
          },
          "episode": null,
          "localTrack": null,
          "addedDate": "2022-09-13"
        },
        {
          "track": {
            "trackName": "SNAP",
            "artistName": "Rosa Linn",
            "albumName": "SNAP",
            "trackUri": "spotify:track:76OGwb5RA9h4FxQPT33ekc"
          },
          "episode": null,
          "localTrack": null,
          "addedDate": "2022-09-13"
        },
        {
          "track": {
            "trackName": "Dandelions - slowed + reverb",
            "artistName": "Ruth B.",
            "albumName": "Dandelions",
            "trackUri": "spotify:track:6fhG2KJgwO7CrNflRaRmvp"
          },
          "episode": null,
          "localTrack": null,
          "addedDate": "2022-09-13"
        },
        {
          "track": {
            "trackName": "Somebody That I Used To Know",
            "artistName": "Gotye",
            "albumName": "Making Mirrors",
            "trackUri": "spotify:track:1qDrWA6lyx8cLECdZE7TV7"
          },
          "episode": null,
          "localTrack": null,
          "addedDate": "2022-09-13"
        },
        {
          "track": {
            "trackName": "PS5 (with TOMORROW X TOGETHER & Alan Walker)",
            "artistName": "salem ilese",
            "albumName": "PS5 (with TOMORROW X TOGETHER & Alan Walker)",
            "trackUri": "spotify:track:7xNCacksfUkYXsXuSW4vNF"
          },
          "episode": null,
          "localTrack": null,
          "addedDate": "2022-09-13"
        },
        {
          "track": {
            "trackName": "Locked out of Heaven",
            "artistName": "Bruno Mars",
            "albumName": "Unorthodox Jukebox",
            "trackUri": "spotify:track:3w3y8KPTfNeOKPiqUTakBh"
          },
          "episode": null,
          "localTrack": null,
          "addedDate": "2022-09-13"
        },
        {
          "track": {
            "trackName": "Grenade",
            "artistName": "Bruno Mars",
            "albumName": "Doo-Wops & Hooligans",
            "trackUri": "spotify:track:4lLtanYk6tkMvooU0tWzG8"
          },
          "episode": null,
          "localTrack": null,
          "addedDate": "2022-09-13"
        },
        {
          "track": {
            "trackName": "Until I Found You",
            "artistName": "Stephen Sanchez",
            "albumName": "Until I Found You",
            "trackUri": "spotify:track:0T5iIrXA4p5GsubkhuBIKV"
          },
          "episode": null,
          "localTrack": null,
          "addedDate": "2022-09-13"
        },
        {
          "track": {
            "trackName": "Sweater Weather",
            "artistName": "The Neighbourhood",
            "albumName": "I Love You.",
            "trackUri": "spotify:track:2QjOHCTQ1Jl3zawyYOpxh6"
          },
          "episode": null,
          "localTrack": null,
          "addedDate": "2022-09-13"
        },
        {
          "track": {
            "trackName": "This Side of Paradise",
            "artistName": "Coyote Theory",
            "albumName": "Color",
            "trackUri": "spotify:track:79EkGysjP2dL5GdpeQjRxT"
          },
          "episode": null,
          "localTrack": null,
          "addedDate": "2022-09-13"
        },
        {
          "track": {
            "trackName": "Riptide",
            "artistName": "Vance Joy",
            "albumName": "Dream Your Life Away",
            "trackUri": "spotify:track:7yq4Qj7cqayVTp3FF9CWbm"
          },
          "episode": null,
          "localTrack": null,
          "addedDate": "2022-09-13"
        },
        {
          "track": {
            "trackName": "MIDDLE OF THE NIGHT",
            "artistName": "Elley Duhé",
            "albumName": "MIDDLE OF THE NIGHT",
            "trackUri": "spotify:track:58HvfVOeJY7lUuCqF0m3ly"
          },
          "episode": null,
          "localTrack": null,
          "addedDate": "2022-09-13"
        },
        {
          "track": {
            "trackName": "Under The Influence",
            "artistName": "Chris Brown",
            "albumName": "Indigo (Extended)",
            "trackUri": "spotify:track:5IgjP7X4th6nMNDh4akUHb"
          },
          "episode": null,
          "localTrack": null,
          "addedDate": "2022-09-17"
        },
        {
          "track": {
            "trackName": "Unholy (feat. Kim Petras)",
            "artistName": "Sam Smith",
            "albumName": "Unholy (feat. Kim Petras)",
            "trackUri": "spotify:track:3nqQXoyQOWXiESFLlDF1hG"
          },
          "episode": null,
          "localTrack": null,
          "addedDate": "2022-10-02"
        },
        {
          "track": {
            "trackName": "Infinity",
            "artistName": "Jaymes Young",
            "albumName": "Feel Something",
            "trackUri": "spotify:track:1SOClUWhOi8vHZYMz3GluK"
          },
          "episode": null,
          "localTrack": null,
          "addedDate": "2022-10-07"
        },
        {
          "track": {
            "trackName": "Make You Mine",
            "artistName": "PUBLIC",
            "albumName": "Make You Mine",
            "trackUri": "spotify:track:5iFwAOB2TFkPJk8sMlxP8g"
          },
          "episode": null,
          "localTrack": null,
          "addedDate": "2022-10-07"
        },
        {
          "track": {
            "trackName": "Counting Stars",
            "artistName": "OneRepublic",
            "albumName": "Native",
            "trackUri": "spotify:track:2tpWsVSb9UEmDRxAl1zhX1"
          },
          "episode": null,
          "localTrack": null,
          "addedDate": "2022-10-07"
        },
        {
          "track": {
            "trackName": "I Took A Pill In Ibiza - Seeb Remix",
            "artistName": "Mike Posner",
            "albumName": "POPWIKI 3",
            "trackUri": "spotify:track:1UdmtX2aQBQRe7NlUQVH5r"
          },
          "episode": null,
          "localTrack": null,
          "addedDate": "2022-10-07"
        },
        {
          "track": {
            "trackName": "Falling",
            "artistName": "Trevor Daniel",
            "albumName": "Falling",
            "trackUri": "spotify:track:4TnjEaWOeW0eKTKIEvJyCa"
          },
          "episode": null,
          "localTrack": null,
          "addedDate": "2022-10-07"
        },
        {
          "track": {
            "trackName": "Chandelier",
            "artistName": "Sia",
            "albumName": "1000 Forms Of Fear",
            "trackUri": "spotify:track:4VrWlk8IQxevMvERoX08iC"
          },
          "episode": null,
          "localTrack": null,
          "addedDate": "2022-10-07"
        },
        {
          "track": {
            "trackName": "On My Way",
            "artistName": "Alan Walker",
            "albumName": "On My Way",
            "trackUri": "spotify:track:4n7jnSxVLd8QioibtTDBDq"
          },
          "episode": null,
          "localTrack": null,
          "addedDate": "2022-10-07"
        },
        {
          "track": {
            "trackName": "Spirits",
            "artistName": "The Strumbellas",
            "albumName": "Hope",
            "trackUri": "spotify:track:7GJ572zvnU94VZVrj5XRtb"
          },
          "episode": null,
          "localTrack": null,
          "addedDate": "2022-10-07"
        },
        {
          "track": {
            "trackName": "Instagram",
            "artistName": "Dimitri Vegas & Like Mike",
            "albumName": "Instagram",
            "trackUri": "spotify:track:0U6bQIAh6MCGo1xjbIIx2S"
          },
          "episode": null,
          "localTrack": null,
          "addedDate": "2022-10-07"
        },
        {
          "track": {
            "trackName": "Alone, Pt. II",
            "artistName": "Alan Walker",
            "albumName": "Alone, Pt. II",
            "trackUri": "spotify:track:0bMbDctzMmTyK2j74j3nF3"
          },
          "episode": null,
          "localTrack": null,
          "addedDate": "2022-10-07"
        },
        {
          "track": {
            "trackName": "Take Me To Church",
            "artistName": "Hozier",
            "albumName": "Hozier",
            "trackUri": "spotify:track:3dYD57lRAUcMHufyqn9GcI"
          },
          "episode": null,
          "localTrack": null,
          "addedDate": "2022-10-07"
        },
        {
          "track": {
            "trackName": "Lily",
            "artistName": "Alan Walker",
            "albumName": "Different World",
            "trackUri": "spotify:track:0lks2Kt9veMOFEAPN0fsqN"
          },
          "episode": null,
          "localTrack": null,
          "addedDate": "2022-10-07"
        },
        {
          "track": {
            "trackName": "THATS WHAT I WANT",
            "artistName": "Lil Nas X",
            "albumName": "MONTERO",
            "trackUri": "spotify:track:0e8nrvls4Qqv5Rfa2UhqmO"
          },
          "episode": null,
          "localTrack": null,
          "addedDate": "2022-10-07"
        },
        {
          "track": {
            "trackName": "Snowman",
            "artistName": "Sia",
            "albumName": "Everyday Is Christmas",
            "trackUri": "spotify:track:7uoFMmxln0GPXQ0AcCBXRq"
          },
          "episode": null,
          "localTrack": null,
          "addedDate": "2022-10-07"
        },
        {
          "track": {
            "trackName": "Stereo Hearts (feat. Adam Levine)",
            "artistName": "Gym Class Heroes",
            "albumName": "The Papercut Chronicles II",
            "trackUri": "spotify:track:0qOnSQQF0yzuPWsXrQ9paz"
          },
          "episode": null,
          "localTrack": null,
          "addedDate": "2022-10-07"
        },
        {
          "track": {
            "trackName": "Payphone",
            "artistName": "Maroon 5",
            "albumName": "Overexposed Track By Track",
            "trackUri": "spotify:track:1XGmzt0PVuFgQYYnV2It7A"
          },
          "episode": null,
          "localTrack": null,
          "addedDate": "2022-10-07"
        },
        {
          "track": {
            "trackName": "Into Your Arms (feat. Ava Max)",
            "artistName": "Witt Lowry",
            "albumName": "Into Your Arms (feat. Ava Max)",
            "trackUri": "spotify:track:0b11D9D0hMOYCIMN3OKreM"
          },
          "episode": null,
          "localTrack": null,
          "addedDate": "2022-10-07"
        },
        {
          "track": {
            "trackName": "Hymn for the Weekend",
            "artistName": "Coldplay",
            "albumName": "A Head Full of Dreams",
            "trackUri": "spotify:track:3RiPr603aXAoi4GHyXx0uy"
          },
          "episode": null,
          "localTrack": null,
          "addedDate": "2022-10-15"
        },
        {
          "track": {
            "trackName": "Violet",
            "artistName": "Connor Price",
            "albumName": "Violet",
            "trackUri": "spotify:track:3zb9k8UUuKz5tYmKJvNqQA"
          },
          "episode": null,
          "localTrack": null,
          "addedDate": "2022-10-15"
        },
        {
          "track": {
            "trackName": "Bones",
            "artistName": "Imagine Dragons",
            "albumName": "Bones",
            "trackUri": "spotify:track:0HqZX76SFLDz2aW8aiqi7G"
          },
          "episode": null,
          "localTrack": null,
          "addedDate": "2022-10-15"
        },
        {
          "track": {
            "trackName": "golden hour",
            "artistName": "JVKE",
            "albumName": "this is what falling in love feels like (554Hz)",
            "trackUri": "spotify:track:4yNk9iz9WVJikRFle3XEvn"
          },
          "episode": null,
          "localTrack": null,
          "addedDate": "2022-10-23"
        }
      ],
      "description": null,
      "numberOfFollowers": 4
    },
    {
      "name": "My Playlist #23",
      "lastModifiedDate": "2022-02-10",
      "items": [
      ],
      "description": null,
      "numberOfFollowers": 0
    },
    {
      "name": "My Playlist #22",
      "lastModifiedDate": "2022-02-10",
      "items": [
      ],
      "description": null,
      "numberOfFollowers": 0
    },
    {
      "name": "My Playlist #21",
      "lastModifiedDate": "2022-02-05",
      "items": [
      ],
      "description": null,
      "numberOfFollowers": 0
    },
    {
      "name": "My Playlist #20",
      "lastModifiedDate": "2022-01-20",
      "items": [
      ],
      "description": null,
      "numberOfFollowers": 0
    },
    {
      "name": "My Playlist #19",
      "lastModifiedDate": "2022-01-20",
      "items": [
      ],
      "description": null,
      "numberOfFollowers": 0
    },
    {
      "name": "My Playlist #18",
      "lastModifiedDate": "2022-01-20",
      "items": [
      ],
      "description": null,
      "numberOfFollowers": 0
    },
    {
      "name": "H",
      "lastModifiedDate": "2022-01-16",
      "items": [
        {
          "track": {
            "trackName": "Often (Slowed)",
            "artistName": "Maitchh",
            "albumName": "Often",
            "trackUri": "spotify:track:0DzEorgyhmmw8IqYmInV8Q"
          },
          "episode": null,
          "localTrack": null,
          "addedDate": "2022-01-01"
        },
        {
          "track": {
            "trackName": "You Right",
            "artistName": "Doja Cat",
            "albumName": "Planet Her",
            "trackUri": "spotify:track:0k4d5YPDr1r7FX77VdqWez"
          },
          "episode": null,
          "localTrack": null,
          "addedDate": "2022-01-01"
        },
        {
          "track": {
            "trackName": "Fairytale Slowed Reverb",
            "artistName": "Mellen Gi",
            "albumName": "Fairytale Slowed Reverb",
            "trackUri": "spotify:track:77LMC1Im7M1j8UKya0zjAl"
          },
          "episode": null,
          "localTrack": null,
          "addedDate": "2022-01-01"
        },
        {
          "track": {
            "trackName": "Space Cadet (feat. Gunna)",
            "artistName": "Metro Boomin",
            "albumName": "NOT ALL HEROES WEAR CAPES",
            "trackUri": "spotify:track:1fewSx2d5KIZ04wsooEBOz"
          },
          "episode": null,
          "localTrack": null,
          "addedDate": "2022-01-01"
        },
        {
          "track": {
            "trackName": "Play Date",
            "artistName": "Melanie Martinez",
            "albumName": "Cry Baby",
            "trackUri": "spotify:track:4DpNNXFMMxQEKl7r0ykkWA"
          },
          "episode": null,
          "localTrack": null,
          "addedDate": "2022-01-01"
        },
        {
          "track": {
            "trackName": "Cry Baby",
            "artistName": "Official HIGE DANdism",
            "albumName": "Cry Baby",
            "trackUri": "spotify:track:3IDF7N86lrcWaJEt9C1gbS"
          },
          "episode": null,
          "localTrack": null,
          "addedDate": "2022-01-01"
        },
        {
          "track": {
            "trackName": "Make You Mine",
            "artistName": "PUBLIC",
            "albumName": "Make You Mine",
            "trackUri": "spotify:track:5iFwAOB2TFkPJk8sMlxP8g"
          },
          "episode": null,
          "localTrack": null,
          "addedDate": "2022-01-01"
        },
        {
          "track": {
            "trackName": "You're Welcome",
            "artistName": "Dwayne Johnson",
            "albumName": "Moana",
            "trackUri": "spotify:track:5frDSkLEcCJjQSdvUB2JG8"
          },
          "episode": null,
          "localTrack": null,
          "addedDate": "2022-01-01"
        },
        {
          "track": {
            "trackName": "Sheila Ki Jawani",
            "artistName": "Sunidhi Chauhan",
            "albumName": "Tees Maar Khan",
            "trackUri": "spotify:track:6VbmeIWTbNHM5uqoW7GTE4"
          },
          "episode": null,
          "localTrack": null,
          "addedDate": "2022-01-01"
        },
        {
          "track": {
            "trackName": "sweater weather - slowed + reverb",
            "artistName": "omgkirby",
            "albumName": "slowmgkirby",
            "trackUri": "spotify:track:1RaqEndh0dNlG9GnNRVOuS"
          },
          "episode": null,
          "localTrack": null,
          "addedDate": "2022-01-01"
        },
        {
          "track": {
            "trackName": "Hikaru Nara (Shigatsu Wa Kimi No Uso) [feat. Animelmack]",
            "artistName": "Berioska",
            "albumName": "Hikaru Nara (Shigatsu Wa Kimi No Uso) [feat. Animelmack]",
            "trackUri": "spotify:track:4TRV1GJuTP8bUs3lhe50r2"
          },
          "episode": null,
          "localTrack": null,
          "addedDate": "2022-01-01"
        },
        {
          "track": {
            "trackName": "love nwantiti (feat. Dj Yo! & AX'EL) - Remix",
            "artistName": "CKay",
            "albumName": "love nwantiti (feat. Dj Yo! & AX'EL)",
            "trackUri": "spotify:track:4gvrJnKCKIPiacNsWVQwEU"
          },
          "episode": null,
          "localTrack": null,
          "addedDate": "2022-01-01"
        },
        {
          "track": {
            "trackName": "Wellerman - Sea Shanty",
            "artistName": "Nathan Evans",
            "albumName": "Wellerman",
            "trackUri": "spotify:track:54OBgO0Xwu20Jak9TMXbR7"
          },
          "episode": null,
          "localTrack": null,
          "addedDate": "2022-01-01"
        },
        {
          "track": {
            "trackName": "Title",
            "artistName": "Meghan Trainor",
            "albumName": "Title",
            "trackUri": "spotify:track:0k5hoseEJnCAbpRh38dNoI"
          },
          "episode": null,
          "localTrack": null,
          "addedDate": "2022-01-09"
        },
        {
          "track": {
            "trackName": "Heat Waves (8D Slowed)",
            "artistName": "Coffin EDM",
            "albumName": "Heat Waves (8D Slowed)",
            "trackUri": "spotify:track:7LzaSJEdjitIse6nafGQZL"
          },
          "episode": null,
          "localTrack": null,
          "addedDate": "2022-01-16"
        },
        {
          "track": {
            "trackName": "Locked out of Heaven",
            "artistName": "Bruno Mars",
            "albumName": "Unorthodox Jukebox",
            "trackUri": "spotify:track:3w3y8KPTfNeOKPiqUTakBh"
          },
          "episode": null,
          "localTrack": null,
          "addedDate": "2022-01-16"
        }
      ],
      "description": null,
      "numberOfFollowers": 2
    },
    {
      "name": "My Playlist #16",
      "lastModifiedDate": "2021-12-08",
      "items": [
      ],
      "description": null,
      "numberOfFollowers": 0
    },
    {
      "name": "QUIET",
      "lastModifiedDate": "2022-08-18",
      "items": [
        {
          "track": {
            "trackName": "THATS WHAT I WANT",
            "artistName": "Lil Nas X",
            "albumName": "MONTERO",
            "trackUri": "spotify:track:0e8nrvls4Qqv5Rfa2UhqmO"
          },
          "episode": null,
          "localTrack": null,
          "addedDate": "2021-11-19"
        },
        {
          "track": {
            "trackName": "idfc",
            "artistName": "blackbear",
            "albumName": "dead",
            "trackUri": "spotify:track:3SErMoIKdRELto2OspGs5L"
          },
          "episode": null,
          "localTrack": null,
          "addedDate": "2021-11-19"
        },
        {
          "track": {
            "trackName": "Sweater Weather",
            "artistName": "The Neighbourhood",
            "albumName": "I Love You.",
            "trackUri": "spotify:track:2QjOHCTQ1Jl3zawyYOpxh6"
          },
          "episode": null,
          "localTrack": null,
          "addedDate": "2021-11-19"
        },
        {
          "track": {
            "trackName": "Lily",
            "artistName": "Alan Walker",
            "albumName": "Different World",
            "trackUri": "spotify:track:0lks2Kt9veMOFEAPN0fsqN"
          },
          "episode": null,
          "localTrack": null,
          "addedDate": "2021-11-19"
        },
        {
          "track": {
            "trackName": "Fairytale",
            "artistName": "Alexander Rybak",
            "albumName": "Fairytale",
            "trackUri": "spotify:track:3MnAsEBBsEj86d03RgO4EM"
          },
          "episode": null,
          "localTrack": null,
          "addedDate": "2021-11-19"
        },
        {
          "track": {
            "trackName": "Hate How Much I Love You",
            "artistName": "Conor Maynard",
            "albumName": "Hate How Much I Love You",
            "trackUri": "spotify:track:2v00WuRHH1WdnXxlHnyURi"
          },
          "episode": null,
          "localTrack": null,
          "addedDate": "2021-12-03"
        },
        {
          "track": {
            "trackName": "You're Welcome",
            "artistName": "Dwayne Johnson",
            "albumName": "Moana",
            "trackUri": "spotify:track:5frDSkLEcCJjQSdvUB2JG8"
          },
          "episode": null,
          "localTrack": null,
          "addedDate": "2021-12-03"
        },
        {
          "track": {
            "trackName": "High Hopes",
            "artistName": "Panic! At The Disco",
            "albumName": "Pray for the Wicked",
            "trackUri": "spotify:track:1rqqCSm0Qe4I9rUvWncaom"
          },
          "episode": null,
          "localTrack": null,
          "addedDate": "2021-12-03"
        },
        {
          "track": {
            "trackName": "Make You Mine",
            "artistName": "PUBLIC",
            "albumName": "Make You Mine",
            "trackUri": "spotify:track:5iFwAOB2TFkPJk8sMlxP8g"
          },
          "episode": null,
          "localTrack": null,
          "addedDate": "2021-12-03"
        },
        {
          "track": {
            "trackName": "Fake A Smile",
            "artistName": "Alan Walker",
            "albumName": "Fake A Smile",
            "trackUri": "spotify:track:6rAGFY9D3ah6Lb7fUgbNNH"
          },
          "episode": null,
          "localTrack": null,
          "addedDate": "2021-12-03"
        },
        {
          "track": {
            "trackName": "MONTERO (Call Me By Your Name) - SATAN'S EXTENDED VERSION",
            "artistName": "Lil Nas X",
            "albumName": "MONTERO (Call Me By Your Name)",
            "trackUri": "spotify:track:7JvmJDDMZMvWaWARsWK9Da"
          },
          "episode": null,
          "localTrack": null,
          "addedDate": "2021-12-07"
        },
        {
          "track": {
            "trackName": "House of Memories",
            "artistName": "Panic! At The Disco",
            "albumName": "Death of a Bachelor",
            "trackUri": "spotify:track:2DgdHcjWmO3qd50RzuBLgZ"
          },
          "episode": null,
          "localTrack": null,
          "addedDate": "2022-05-30"
        },
        {
          "track": {
            "trackName": "Infinity",
            "artistName": "Jaymes Young",
            "albumName": "Feel Something",
            "trackUri": "spotify:track:1SOClUWhOi8vHZYMz3GluK"
          },
          "episode": null,
          "localTrack": null,
          "addedDate": "2022-05-30"
        },
        {
          "track": {
            "trackName": "INFERNO",
            "artistName": "Sub Urban",
            "albumName": "INFERNO",
            "trackUri": "spotify:track:7aonAWn0J0AJ47ZU9WHCXC"
          },
          "episode": null,
          "localTrack": null,
          "addedDate": "2022-05-30"
        },
        {
          "track": {
            "trackName": "MIDDLE OF THE NIGHT",
            "artistName": "Elley Duhé",
            "albumName": "MIDDLE OF THE NIGHT",
            "trackUri": "spotify:track:58HvfVOeJY7lUuCqF0m3ly"
          },
          "episode": null,
          "localTrack": null,
          "addedDate": "2022-05-30"
        },
        {
          "track": {
            "trackName": "Dandelions",
            "artistName": "Ruth B.",
            "albumName": "Safe Haven",
            "trackUri": "spotify:track:2eAvDnpXP5W0cVtiI0PUxV"
          },
          "episode": null,
          "localTrack": null,
          "addedDate": "2022-05-30"
        },
        {
          "track": {
            "trackName": "Light Switch",
            "artistName": "Charlie Puth",
            "albumName": "Light Switch",
            "trackUri": "spotify:track:3AVXwaOGCEL8cmBecfcsFJ"
          },
          "episode": null,
          "localTrack": null,
          "addedDate": "2022-08-05"
        },
        {
          "track": {
            "trackName": "Sunroof",
            "artistName": "Nicky Youre",
            "albumName": "Sunroof",
            "trackUri": "spotify:track:4h4QlmocP3IuwYEj2j14p8"
          },
          "episode": null,
          "localTrack": null,
          "addedDate": "2022-08-05"
        },
        {
          "track": {
            "trackName": "PS5 (with TOMORROW X TOGETHER & Alan Walker)",
            "artistName": "salem ilese",
            "albumName": "PS5 (with TOMORROW X TOGETHER & Alan Walker)",
            "trackUri": "spotify:track:7xNCacksfUkYXsXuSW4vNF"
          },
          "episode": null,
          "localTrack": null,
          "addedDate": "2022-08-05"
        },
        {
          "track": {
            "trackName": "Play Date",
            "artistName": "Melanie Martinez",
            "albumName": "Cry Baby",
            "trackUri": "spotify:track:4DpNNXFMMxQEKl7r0ykkWA"
          },
          "episode": null,
          "localTrack": null,
          "addedDate": "2022-08-05"
        },
        {
          "track": {
            "trackName": "MONTERO (Call Me By Your Name)",
            "artistName": "Lil Nas X",
            "albumName": "MONTERO",
            "trackUri": "spotify:track:1SC5rEoYDGUK4NfG82494W"
          },
          "episode": null,
          "localTrack": null,
          "addedDate": "2022-08-05"
        },
        {
          "track": {
            "trackName": "INDUSTRY BABY (feat. Jack Harlow)",
            "artistName": "Lil Nas X",
            "albumName": "MONTERO",
            "trackUri": "spotify:track:5Z9KJZvQzH6PFmb8SNkxuk"
          },
          "episode": null,
          "localTrack": null,
          "addedDate": "2022-08-05"
        },
        {
          "track": {
            "trackName": "Ghost",
            "artistName": "Confetti",
            "albumName": "Ghost",
            "trackUri": "spotify:track:30uCmqegKQnH5AbOE51gPD"
          },
          "episode": null,
          "localTrack": null,
          "addedDate": "2022-08-05"
        },
        {
          "track": {
            "trackName": "London View (Remix)",
            "artistName": "OTP",
            "albumName": "London View (Remix)",
            "trackUri": "spotify:track:0UPZYZghuk0ShJKrEiZ5jv"
          },
          "episode": null,
          "localTrack": null,
          "addedDate": "2022-08-05"
        },
        {
          "track": {
            "trackName": "Hello (feat. A Boogie Wit da Hoodie)",
            "artistName": "Pop Smoke",
            "albumName": "Shoot For The Stars Aim For The Moon",
            "trackUri": "spotify:track:2r6OAV3WsYtXuXjvJ1lIDi"
          },
          "episode": null,
          "localTrack": null,
          "addedDate": "2022-08-05"
        },
        {
          "track": {
            "trackName": "Run It Up (feat. Offset & Moneybagg Yo)",
            "artistName": "Lil Tjay",
            "albumName": "Destined 2 Win",
            "trackUri": "spotify:track:1dg3qy5DjoJodawfOCgrTP"
          },
          "episode": null,
          "localTrack": null,
          "addedDate": "2022-08-05"
        },
        {
          "track": {
            "trackName": "Not Over Yet (feat. Tom Grennan)",
            "artistName": "KSI",
            "albumName": "Not Over Yet (feat. Tom Grennan)",
            "trackUri": "spotify:track:3t2Hx5FPih5lKaxJFd6bRE"
          },
          "episode": null,
          "localTrack": null,
          "addedDate": "2022-08-05"
        },
        {
          "track": {
            "trackName": "Until I Found You",
            "artistName": "Stephen Sanchez",
            "albumName": "Until I Found You",
            "trackUri": "spotify:track:0T5iIrXA4p5GsubkhuBIKV"
          },
          "episode": null,
          "localTrack": null,
          "addedDate": "2022-08-07"
        },
        {
          "track": {
            "trackName": "BILLIE EILISH.",
            "artistName": "Armani White",
            "albumName": "BILLIE EILISH.",
            "trackUri": "spotify:track:27ZZdyTSQWI7Cug2d2PkqV"
          },
          "episode": null,
          "localTrack": null,
          "addedDate": "2022-08-18"
        }
      ],
      "description": null,
      "numberOfFollowers": 2
    },
    {
      "name": "Sweater Weather",
      "lastModifiedDate": "2021-10-20",
      "items": [
        {
          "track": {
            "trackName": "Sweater Weather",
            "artistName": "The Neighbourhood",
            "albumName": "I Love You.",
            "trackUri": "spotify:track:2QjOHCTQ1Jl3zawyYOpxh6"
          },
          "episode": null,
          "localTrack": null,
          "addedDate": "2021-10-11"
        },
        {
          "track": {
            "trackName": "idfc",
            "artistName": "blackbear",
            "albumName": "dead",
            "trackUri": "spotify:track:3SErMoIKdRELto2OspGs5L"
          },
          "episode": null,
          "localTrack": null,
          "addedDate": "2021-10-13"
        },
        {
          "track": {
            "trackName": "Obsession - Radio Edit",
            "artistName": "Consoul Trainin",
            "albumName": "Obsession",
            "trackUri": "spotify:track:2WOuLxGqZmLH0lcx2a0czd"
          },
          "episode": null,
          "localTrack": null,
          "addedDate": "2021-10-14"
        },
        {
          "track": {
            "trackName": "Often - Kygo Remix",
            "artistName": "The Weeknd",
            "albumName": "Often",
            "trackUri": "spotify:track:27NV2KxoQ8WuLMqlTDI61F"
          },
          "episode": null,
          "localTrack": null,
          "addedDate": "2021-10-20"
        },
        {
          "track": {
            "trackName": "Fairytale",
            "artistName": "Alexander Rybak",
            "albumName": "Fairytale",
            "trackUri": "spotify:track:3MnAsEBBsEj86d03RgO4EM"
          },
          "episode": null,
          "localTrack": null,
          "addedDate": "2021-10-20"
        },
        {
          "track": {
            "trackName": "Legend",
            "artistName": "The Score",
            "albumName": "ATLAS",
            "trackUri": "spotify:track:3SWqGa1J0M7hSBUDM0KePD"
          },
          "episode": null,
          "localTrack": null,
          "addedDate": "2021-10-20"
        },
        {
          "track": {
            "trackName": "Dusk Till Dawn (feat. Sia) - Radio Edit",
            "artistName": "ZAYN",
            "albumName": "Dusk Till Dawn (feat. Sia)",
            "trackUri": "spotify:track:1j4kHkkpqZRBwE0A4CN4Yv"
          },
          "episode": null,
          "localTrack": null,
          "addedDate": "2021-10-20"
        }
      ],
      "description": null,
      "numberOfFollowers": 0
    },
    {
      "name": "My Playlist #13",
      "lastModifiedDate": "2021-10-07",
      "items": [
      ],
      "description": null,
      "numberOfFollowers": 0
    },
    {
      "name": "My Playlist #12",
      "lastModifiedDate": "2021-09-13",
      "items": [
      ],
      "description": null,
      "numberOfFollowers": 0
    },
    {
      "name": "My Playlist #11",
      "lastModifiedDate": "2021-08-20",
      "items": [
      ],
      "description": null,
      "numberOfFollowers": 0
    },
    {
      "name": "My Playlist #10",
      "lastModifiedDate": "2021-08-15",
      "items": [
      ],
      "description": null,
      "numberOfFollowers": 0
    },
    {
      "name": "Hindi",
      "lastModifiedDate": "2021-08-05",
      "items": [
        {
          "track": {
            "trackName": "Tera Zikr",
            "artistName": "Darshan Raval",
            "albumName": "Tera Zikr",
            "trackUri": "spotify:track:0OfaueVeRebAfWsAHajj3z"
          },
          "episode": null,
          "localTrack": null,
          "addedDate": "2021-08-05"
        },
        {
          "track": {
            "trackName": "Khairiyat",
            "artistName": "Pritam",
            "albumName": "Chhichhore",
            "trackUri": "spotify:track:5O932cZmzOZGOGZz9RHx20"
          },
          "episode": null,
          "localTrack": null,
          "addedDate": "2021-08-05"
        },
        {
          "track": {
            "trackName": "Mehrama",
            "artistName": "Pritam",
            "albumName": "Love Aaj Kal",
            "trackUri": "spotify:track:6cUOiOY5qh2FpIQWIYAd2h"
          },
          "episode": null,
          "localTrack": null,
          "addedDate": "2021-08-05"
        },
        {
          "track": {
            "trackName": "Pal Pal Dil Ke Paas- Title Track",
            "artistName": "Arijit Singh",
            "albumName": "Pal Pal Dil Ke Paas- Title Track (From \"Pal Pal Dil Ke Paas\")",
            "trackUri": "spotify:track:7lGhrfren1Zpwh0ds0zuUg"
          },
          "episode": null,
          "localTrack": null,
          "addedDate": "2021-08-05"
        },
        {
          "track": {
            "trackName": "Tum Na Ho",
            "artistName": "Arjun Kanungo",
            "albumName": "Tum Na Ho",
            "trackUri": "spotify:track:65QRFvzB2ZLJ1BygWPxxVj"
          },
          "episode": null,
          "localTrack": null,
          "addedDate": "2021-08-05"
        },
        {
          "track": {
            "trackName": "Dooriyan (From \"Love Aaj Kal\")",
            "artistName": "Mohit Chauhan",
            "albumName": "Love Aaj Kal",
            "trackUri": "spotify:track:4peiaLdhDgUgQ646Gpbvh3"
          },
          "episode": null,
          "localTrack": null,
          "addedDate": "2021-08-05"
        }
      ],
      "description": null,
      "numberOfFollowers": 0
    },
    {
      "name": "Calm",
      "lastModifiedDate": "2021-07-12",
      "items": [
        {
          "track": {
            "trackName": "One More Round (Free Fire Booyah Day Theme Song)",
            "artistName": "KSHMR",
            "albumName": "One More Round (Free Fire Booyah Day Theme Song)",
            "trackUri": "spotify:track:5t9YU2mww4eiFCeTBy3EFU"
          },
          "episode": null,
          "localTrack": null,
          "addedDate": "2021-06-20"
        },
        {
          "track": {
            "trackName": "How You Like That",
            "artistName": "BLACKPINK",
            "albumName": "THE ALBUM",
            "trackUri": "spotify:track:6bvZRLLkBKkmgpBJTTj3QK"
          },
          "episode": null,
          "localTrack": null,
          "addedDate": "2021-06-20"
        },
        {
          "track": {
            "trackName": "Bad boy",
            "artistName": "Marwa Loud",
            "albumName": "Loud",
            "trackUri": "spotify:track:0RE4crnT3jRms1xxVlEZx2"
          },
          "episode": null,
          "localTrack": null,
          "addedDate": "2021-06-20"
        },
        {
          "track": {
            "trackName": "No Roots",
            "artistName": "Alice Merton",
            "albumName": "Mint",
            "trackUri": "spotify:track:3D5wnLaeVlCCIPzQOOAirA"
          },
          "episode": null,
          "localTrack": null,
          "addedDate": "2021-06-20"
        },
        {
          "track": {
            "trackName": "Often Slowed - Remix",
            "artistName": "RH Music",
            "albumName": "Often Slowed",
            "trackUri": "spotify:track:5diwxu9j4BXPrQ1SWur5CG"
          },
          "episode": null,
          "localTrack": null,
          "addedDate": "2021-06-20"
        },
        {
          "track": {
            "trackName": "Often",
            "artistName": "Braun Demeter",
            "albumName": "Often",
            "trackUri": "spotify:track:1cy9B843IZli5OJrKhFLkz"
          },
          "episode": null,
          "localTrack": null,
          "addedDate": "2021-06-20"
        },
        {
          "track": {
            "trackName": "Arcade",
            "artistName": "Duncan Laurence",
            "albumName": "Arcade",
            "trackUri": "spotify:track:1Xi84slp6FryDSCbzq4UCD"
          },
          "episode": null,
          "localTrack": null,
          "addedDate": "2021-05-31"
        },
        {
          "track": {
            "trackName": "Blinding Lights",
            "artistName": "The Weeknd",
            "albumName": "After Hours",
            "trackUri": "spotify:track:0VjIjW4GlUZAMYd2vXMi3b"
          },
          "episode": null,
          "localTrack": null,
          "addedDate": "2021-05-19"
        },
        {
          "track": {
            "trackName": "Hymn for the Weekend",
            "artistName": "Coldplay",
            "albumName": "A Head Full of Dreams",
            "trackUri": "spotify:track:3RiPr603aXAoi4GHyXx0uy"
          },
          "episode": null,
          "localTrack": null,
          "addedDate": "2021-05-15"
        },
        {
          "track": {
            "trackName": "Dusk Till Dawn (feat. Sia) - Radio Edit",
            "artistName": "ZAYN",
            "albumName": "Dusk Till Dawn (feat. Sia)",
            "trackUri": "spotify:track:1j4kHkkpqZRBwE0A4CN4Yv"
          },
          "episode": null,
          "localTrack": null,
          "addedDate": "2021-05-12"
        },
        {
          "track": {
            "trackName": "MONTERO (Call Me By Your Name)",
            "artistName": "Lil Nas X",
            "albumName": "MONTERO (Call Me By Your Name)",
            "trackUri": "spotify:track:67BtfxlNbhBmCDR2L2l8qd"
          },
          "episode": null,
          "localTrack": null,
          "addedDate": "2021-04-27"
        },
        {
          "track": {
            "trackName": "Sweater Weather",
            "artistName": "The Neighbourhood",
            "albumName": "I Love You.",
            "trackUri": "spotify:track:2QjOHCTQ1Jl3zawyYOpxh6"
          },
          "episode": null,
          "localTrack": null,
          "addedDate": "2021-04-10"
        },
        {
          "track": {
            "trackName": "The Lazy Song",
            "artistName": "Bruno Mars",
            "albumName": "Doo-Wops & Hooligans",
            "trackUri": "spotify:track:1ExfPZEiahqhLyajhybFeS"
          },
          "episode": null,
          "localTrack": null,
          "addedDate": "2021-06-03"
        },
        {
          "track": {
            "trackName": "New Rules",
            "artistName": "Dua Lipa",
            "albumName": "Dua Lipa",
            "trackUri": "spotify:track:2ekn2ttSfGqwhhate0LSR0"
          },
          "episode": null,
          "localTrack": null,
          "addedDate": "2021-06-07"
        },
        {
          "track": {
            "trackName": "Glory",
            "artistName": "The Score",
            "albumName": "Pressure",
            "trackUri": "spotify:track:6hypt8VPJxeMXTTcRUHS86"
          },
          "episode": null,
          "localTrack": null,
          "addedDate": "2021-06-07"
        },
        {
          "track": {
            "trackName": "drivers license",
            "artistName": "Olivia Rodrigo",
            "albumName": "drivers license",
            "trackUri": "spotify:track:7lPN2DXiMsVn7XUKtOW1CS"
          },
          "episode": null,
          "localTrack": null,
          "addedDate": "2021-06-07"
        },
        {
          "track": {
            "trackName": "Spirits",
            "artistName": "The Strumbellas",
            "albumName": "Hope",
            "trackUri": "spotify:track:7GJ572zvnU94VZVrj5XRtb"
          },
          "episode": null,
          "localTrack": null,
          "addedDate": "2021-06-07"
        },
        {
          "track": {
            "trackName": "Falling",
            "artistName": "Trevor Daniel",
            "albumName": "Falling",
            "trackUri": "spotify:track:4TnjEaWOeW0eKTKIEvJyCa"
          },
          "episode": null,
          "localTrack": null,
          "addedDate": "2021-06-07"
        },
        {
          "track": {
            "trackName": "Build a Bitch",
            "artistName": "Bella Poarch",
            "albumName": "Build a Bitch",
            "trackUri": "spotify:track:7BoobGhD4x5K96Me0hqC8Q"
          },
          "episode": null,
          "localTrack": null,
          "addedDate": "2021-06-12"
        },
        {
          "track": {
            "trackName": "Clear - Shawn Wasabi Remix",
            "artistName": "Pusher",
            "albumName": "Clear",
            "trackUri": "spotify:track:1AP7yzd4qSdKVcupPC827R"
          },
          "episode": null,
          "localTrack": null,
          "addedDate": "2021-06-13"
        },
        {
          "track": {
            "trackName": "Temperature",
            "artistName": "Sean Paul",
            "albumName": "The Trinity",
            "trackUri": "spotify:track:0k2GOhqsrxDTAbFFSdNJjT"
          },
          "episode": null,
          "localTrack": null,
          "addedDate": "2021-06-17"
        },
        {
          "track": {
            "trackName": "Dance Monkey",
            "artistName": "Tones And I",
            "albumName": "Dance Monkey (Stripped Back) / Dance Monkey",
            "trackUri": "spotify:track:2XU0oxnq2qxCpomAAuJY8K"
          },
          "episode": null,
          "localTrack": null,
          "addedDate": "2021-06-30"
        },
        {
          "track": {
            "trackName": "Legends Never Die - (Remix)",
            "artistName": "League of Legends",
            "albumName": "Legends Never Die (Remix)",
            "trackUri": "spotify:track:66YtIqT0kN4958EXnCnAmE"
          },
          "episode": null,
          "localTrack": null,
          "addedDate": "2021-07-12"
        }
      ],
      "description": null,
      "numberOfFollowers": 0
    },
    {
      "name": "New",
      "lastModifiedDate": "2021-06-20",
      "items": [
        {
          "track": {
            "trackName": "No Roots",
            "artistName": "Alice Merton",
            "albumName": "Mint",
            "trackUri": "spotify:track:3D5wnLaeVlCCIPzQOOAirA"
          },
          "episode": null,
          "localTrack": null,
          "addedDate": "2021-06-20"
        },
        {
          "track": {
            "trackName": "Mood (feat. iann dior)",
            "artistName": "24kGoldn",
            "albumName": "Mood (feat. iann dior)",
            "trackUri": "spotify:track:3tjFYV6RSFtuktYl3ZtYcq"
          },
          "episode": null,
          "localTrack": null,
          "addedDate": "2021-01-17"
        },
        {
          "track": {
            "trackName": "Moonlight",
            "artistName": "XXXTENTACION",
            "albumName": "?",
            "trackUri": "spotify:track:0JP9xo3adEtGSdUEISiszL"
          },
          "episode": null,
          "localTrack": null,
          "addedDate": "2021-01-17"
        },
        {
          "track": {
            "trackName": "I Kissed A Girl",
            "artistName": "Katy Perry",
            "albumName": "One Of The Boys",
            "trackUri": "spotify:track:1pXrR5Y9OgcIV2JEAl2lCB"
          },
          "episode": null,
          "localTrack": null,
          "addedDate": "2021-01-17"
        }
      ],
      "description": null,
      "numberOfFollowers": 0
    },
    {
      "name": "My playlist #6",
      "lastModifiedDate": "2020-12-19",
      "items": [
        {
          "track": {
            "trackName": "All Falls Down (feat. Juliander)",
            "artistName": "Alan Walker",
            "albumName": "Different World",
            "trackUri": "spotify:track:1HvCFAUIWQsWV9zud3UhDl"
          },
          "episode": null,
          "localTrack": null,
          "addedDate": "2020-12-19"
        },
        {
          "track": {
            "trackName": "Sucker",
            "artistName": "Jonas Brothers",
            "albumName": "Happiness Begins",
            "trackUri": "spotify:track:22vgEDb5hykfaTwLuskFGD"
          },
          "episode": null,
          "localTrack": null,
          "addedDate": "2020-12-19"
        },
        {
          "track": {
            "trackName": "Cool",
            "artistName": "Jonas Brothers",
            "albumName": "Happiness Begins",
            "trackUri": "spotify:track:7yfi8B8opXjnRh4VZnOkz9"
          },
          "episode": null,
          "localTrack": null,
          "addedDate": "2020-12-19"
        },
        {
          "track": {
            "trackName": "Absolutely Anything (feat. Or3o)",
            "artistName": "CG5",
            "albumName": "Absolutely Anything (feat. Or3o)",
            "trackUri": "spotify:track:30nwxUmOXvcwA1U84BqowT"
          },
          "episode": null,
          "localTrack": null,
          "addedDate": "2020-12-19"
        }
      ],
      "description": null,
      "numberOfFollowers": 0
    },
    {
      "name": "Flash",
      "lastModifiedDate": "2021-06-04",
      "items": [
        {
          "track": {
            "trackName": "Falling",
            "artistName": "Trevor Daniel",
            "albumName": "Falling",
            "trackUri": "spotify:track:4TnjEaWOeW0eKTKIEvJyCa"
          },
          "episode": null,
          "localTrack": null,
          "addedDate": "2021-01-23"
        },
        {
          "track": {
            "trackName": "Moonlight",
            "artistName": "XXXTENTACION",
            "albumName": "?",
            "trackUri": "spotify:track:0JP9xo3adEtGSdUEISiszL"
          },
          "episode": null,
          "localTrack": null,
          "addedDate": "2021-01-22"
        },
        {
          "track": {
            "trackName": "Mood (feat. iann dior)",
            "artistName": "24kGoldn",
            "albumName": "Mood (feat. iann dior)",
            "trackUri": "spotify:track:3tjFYV6RSFtuktYl3ZtYcq"
          },
          "episode": null,
          "localTrack": null,
          "addedDate": "2021-01-22"
        },
        {
          "track": {
            "trackName": "I Kissed A Girl",
            "artistName": "Katy Perry",
            "albumName": "One Of The Boys",
            "trackUri": "spotify:track:1pXrR5Y9OgcIV2JEAl2lCB"
          },
          "episode": null,
          "localTrack": null,
          "addedDate": "2021-01-22"
        },
        {
          "track": {
            "trackName": "Wolves",
            "artistName": "Selena Gomez",
            "albumName": "Wolves",
            "trackUri": "spotify:track:0tBbt8CrmxbjRP0pueQkyU"
          },
          "episode": null,
          "localTrack": null,
          "addedDate": "2021-01-22"
        },
        {
          "track": {
            "trackName": "Darkside",
            "artistName": "Alan Walker",
            "albumName": "Different World",
            "trackUri": "spotify:track:6SRWhUJcD2YKahCwHavz3X"
          },
          "episode": null,
          "localTrack": null,
          "addedDate": "2021-01-22"
        },
        {
          "track": {
            "trackName": "Blinding Lights",
            "artistName": "The Weeknd",
            "albumName": "After Hours",
            "trackUri": "spotify:track:0VjIjW4GlUZAMYd2vXMi3b"
          },
          "episode": null,
          "localTrack": null,
          "addedDate": "2021-01-04"
        },
        {
          "track": {
            "trackName": "Rockabye (feat. Sean Paul & Anne-Marie)",
            "artistName": "Clean Bandit",
            "albumName": "Rockabye (feat. Sean Paul & Anne-Marie)",
            "trackUri": "spotify:track:5knuzwU65gJK7IF5yJsuaW"
          },
          "episode": null,
          "localTrack": null,
          "addedDate": "2021-01-04"
        },
        {
          "track": {
            "trackName": "Absolutely Anything (feat. Or3o)",
            "artistName": "CG5",
            "albumName": "Absolutely Anything (feat. Or3o)",
            "trackUri": "spotify:track:30nwxUmOXvcwA1U84BqowT"
          },
          "episode": null,
          "localTrack": null,
          "addedDate": "2020-12-03"
        },
        {
          "track": {
            "trackName": "Ignite",
            "artistName": "Alan Walker",
            "albumName": "Ignite",
            "trackUri": "spotify:track:1jLsirPDkUS2g4gnkYua58"
          },
          "episode": null,
          "localTrack": null,
          "addedDate": "2020-12-03"
        },
        {
          "track": {
            "trackName": "Satisfya",
            "artistName": "Imran Khan",
            "albumName": "Satisfya",
            "trackUri": "spotify:track:6HGoVbCUr63SgU3TjxEVj6"
          },
          "episode": null,
          "localTrack": null,
          "addedDate": "2020-12-03"
        },
        {
          "track": {
            "trackName": "On My Way",
            "artistName": "Alan Walker",
            "albumName": "On My Way",
            "trackUri": "spotify:track:4n7jnSxVLd8QioibtTDBDq"
          },
          "episode": null,
          "localTrack": null,
          "addedDate": "2020-12-03"
        },
        {
          "track": {
            "trackName": "Lily",
            "artistName": "Alan Walker",
            "albumName": "Different World",
            "trackUri": "spotify:track:0lks2Kt9veMOFEAPN0fsqN"
          },
          "episode": null,
          "localTrack": null,
          "addedDate": "2020-12-03"
        },
        {
          "track": {
            "trackName": "Cold",
            "artistName": "NEFFEX",
            "albumName": "Cold",
            "trackUri": "spotify:track:2FpWhUMOPGUVR95DkfKjGH"
          },
          "episode": null,
          "localTrack": null,
          "addedDate": "2020-12-03"
        },
        {
          "track": {
            "trackName": "Alone",
            "artistName": "Alan Walker",
            "albumName": "Different World",
            "trackUri": "spotify:track:3LlmKSHR3Rs0Y3KHQLAYDk"
          },
          "episode": null,
          "localTrack": null,
          "addedDate": "2020-12-03"
        },
        {
          "track": {
            "trackName": "Loco Contigo (feat. J. Balvin & Tyga)",
            "artistName": "DJ Snake",
            "albumName": "Carte Blanche",
            "trackUri": "spotify:track:6osaMSJh9NguagEDQcZaKx"
          },
          "episode": null,
          "localTrack": null,
          "addedDate": "2020-12-03"
        },
        {
          "track": {
            "trackName": "My Life Is Going On (Música Original De La Serie De TV La Casa De Papel / Money Heist)",
            "artistName": "Cecilia Krull",
            "albumName": "My Life Is Going On (Música Original De La Serie De TV La Casa De Papel / Money Heist)",
            "trackUri": "spotify:track:5ZEQjTroORCu6uWvZrdeNc"
          },
          "episode": null,
          "localTrack": null,
          "addedDate": "2020-12-03"
        },
        {
          "track": {
            "trackName": "Young Dumb & Broke",
            "artistName": "Khalid",
            "albumName": "American Teen",
            "trackUri": "spotify:track:5Z3GHaZ6ec9bsiI5BenrbY"
          },
          "episode": null,
          "localTrack": null,
          "addedDate": "2020-12-03"
        },
        {
          "track": {
            "trackName": "DDU-DU DDU-DU - Remix JP Ver.",
            "artistName": "BLACKPINK",
            "albumName": "DDU-DU DDU-DU",
            "trackUri": "spotify:track:2ERO7JFeaRMIdlEn9JTryn"
          },
          "episode": null,
          "localTrack": null,
          "addedDate": "2020-12-11"
        },
        {
          "track": {
            "trackName": "KILL THIS LOVE - JP Ver.",
            "artistName": "BLACKPINK",
            "albumName": "KILL THIS LOVE",
            "trackUri": "spotify:track:3mpGXkkjhY8K5C9OsaCMBo"
          },
          "episode": null,
          "localTrack": null,
          "addedDate": "2020-12-11"
        },
        {
          "track": {
            "trackName": "Oh Nanana",
            "artistName": "Bonde R300",
            "albumName": "Oh Nanana",
            "trackUri": "spotify:track:3ao5U0ksMLvgSoJqOpsgmv"
          },
          "episode": null,
          "localTrack": null,
          "addedDate": "2020-12-11"
        },
        {
          "track": {
            "trackName": "Ace Of Spades",
            "artistName": "Yugo",
            "albumName": "Ace Of Spades",
            "trackUri": "spotify:track:25hBPclfiojT5Wf2kUIr1M"
          },
          "episode": null,
          "localTrack": null,
          "addedDate": "2020-12-11"
        },
        {
          "track": {
            "trackName": "Dance Monkey",
            "artistName": "Tones And I",
            "albumName": "Dance Monkey (Stripped Back) / Dance Monkey",
            "trackUri": "spotify:track:2XU0oxnq2qxCpomAAuJY8K"
          },
          "episode": null,
          "localTrack": null,
          "addedDate": "2020-12-11"
        },
        {
          "track": {
            "trackName": "All Falls Down (feat. Juliander)",
            "artistName": "Alan Walker",
            "albumName": "Different World",
            "trackUri": "spotify:track:1HvCFAUIWQsWV9zud3UhDl"
          },
          "episode": null,
          "localTrack": null,
          "addedDate": "2020-12-11"
        },
        {
          "track": {
            "trackName": "Attention",
            "artistName": "Charlie Puth",
            "albumName": "Voicenotes",
            "trackUri": "spotify:track:5cF0dROlMOK5uNZtivgu50"
          },
          "episode": null,
          "localTrack": null,
          "addedDate": "2020-12-11"
        },
        {
          "track": {
            "trackName": "See You Again (feat. Charlie Puth)",
            "artistName": "Wiz Khalifa",
            "albumName": "See You Again (feat. Charlie Puth)",
            "trackUri": "spotify:track:2JzZzZUQj3Qff7wapcbKjc"
          },
          "episode": null,
          "localTrack": null,
          "addedDate": "2020-12-11"
        },
        {
          "track": {
            "trackName": "We Don't Talk Anymore (feat. Selena Gomez)",
            "artistName": "Charlie Puth",
            "albumName": "Nine Track Mind",
            "trackUri": "spotify:track:06KyNuuMOX1ROXRhj787tj"
          },
          "episode": null,
          "localTrack": null,
          "addedDate": "2020-12-11"
        },
        {
          "track": {
            "trackName": "Destiny",
            "artistName": "NEFFEX",
            "albumName": "Destiny: The Collection",
            "trackUri": "spotify:track:0oW5yI88PqLgQXGY60E4ea"
          },
          "episode": null,
          "localTrack": null,
          "addedDate": "2020-12-12"
        },
        {
          "track": {
            "trackName": "Redemption",
            "artistName": "Besomorph",
            "albumName": "Redemption",
            "trackUri": "spotify:track:2AbPsvbxqYaNCvKXcJn1kV"
          },
          "episode": null,
          "localTrack": null,
          "addedDate": "2020-12-25"
        },
        {
          "track": {
            "trackName": "Yalgaar",
            "artistName": "Ajey Nagar (CarryMinati)",
            "albumName": "Yalgaar",
            "trackUri": "spotify:track:0RGp4KA9wvndxqPIWoKwnD"
          },
          "episode": null,
          "localTrack": null,
          "addedDate": "2020-12-25"
        },
        {
          "track": {
            "trackName": "Symphony (feat. Zara Larsson)",
            "artistName": "Clean Bandit",
            "albumName": "Symphony (feat. Zara Larsson)",
            "trackUri": "spotify:track:1x5sYLZiu9r5E43kMlt9f8"
          },
          "episode": null,
          "localTrack": null,
          "addedDate": "2021-01-27"
        },
        {
          "track": {
            "trackName": "lovely (with Khalid)",
            "artistName": "Billie Eilish",
            "albumName": "lovely (with Khalid)",
            "trackUri": "spotify:track:0u2P5u6lvoDfwTYjAADbn4"
          },
          "episode": null,
          "localTrack": null,
          "addedDate": "2021-02-03"
        },
        {
          "track": {
            "trackName": "Roses - Imanbek Remix",
            "artistName": "SAINt JHN",
            "albumName": "Roses",
            "trackUri": "spotify:track:24Yi9hE78yPEbZ4kxyoXAI"
          },
          "episode": null,
          "localTrack": null,
          "addedDate": "2021-02-07"
        }
      ],
      "description": null,
      "numberOfFollowers": 2
    },
    {
      "name": "Free Fire",
      "lastModifiedDate": "2020-11-02",
      "items": [
        {
          "track": {
            "trackName": "One More Round (Free Fire Booyah Day Theme Song)",
            "artistName": "KSHMR",
            "albumName": "One More Round (Free Fire Booyah Day Theme Song)",
            "trackUri": "spotify:track:5t9YU2mww4eiFCeTBy3EFU"
          },
          "episode": null,
          "localTrack": null,
          "addedDate": "2020-10-25"
        },
        {
          "track": {
            "trackName": "Vale Vale",
            "artistName": "Alok",
            "albumName": "Vale Vale",
            "trackUri": "spotify:track:0sfgF2kM3yrZbkLmAbjSo6"
          },
          "episode": null,
          "localTrack": null,
          "addedDate": "2020-10-25"
        },
        {
          "track": {
            "trackName": "Roses - Imanbek Remix",
            "artistName": "SAINt JHN",
            "albumName": "Roses",
            "trackUri": "spotify:track:24Yi9hE78yPEbZ4kxyoXAI"
          },
          "episode": null,
          "localTrack": null,
          "addedDate": "2020-10-28"
        },
        {
          "track": {
            "trackName": "My Life Is Going On (Música Original De La Serie De TV La Casa De Papel / Money Heist)",
            "artistName": "Cecilia Krull",
            "albumName": "My Life Is Going On (Música Original De La Serie De TV La Casa De Papel / Money Heist)",
            "trackUri": "spotify:track:5ZEQjTroORCu6uWvZrdeNc"
          },
          "episode": null,
          "localTrack": null,
          "addedDate": "2020-11-02"
        }
      ],
      "description": null,
      "numberOfFollowers": 0
    },
    {
      "name": "Op",
      "lastModifiedDate": "2020-10-12",
      "items": [
        {
          "track": {
            "trackName": "Ignite",
            "artistName": "Alan Walker",
            "albumName": "Ignite",
            "trackUri": "spotify:track:1jLsirPDkUS2g4gnkYua58"
          },
          "episode": null,
          "localTrack": null,
          "addedDate": "2020-10-11"
        },
        {
          "track": {
            "trackName": "ROXANNE",
            "artistName": "Arizona Zervas",
            "albumName": "ROXANNE",
            "trackUri": "spotify:track:696DnlkuDOXcMAnKlTgXXK"
          },
          "episode": null,
          "localTrack": null,
          "addedDate": "2020-10-11"
        },
        {
          "track": {
            "trackName": "hot girl bummer",
            "artistName": "blackbear",
            "albumName": "everything means nothing",
            "trackUri": "spotify:track:2mt1IqcFyY1zmYZT8Q3xw9"
          },
          "episode": null,
          "localTrack": null,
          "addedDate": "2020-10-11"
        },
        {
          "track": {
            "trackName": "Tera Zikr",
            "artistName": "Darshan Raval",
            "albumName": "Tera Zikr",
            "trackUri": "spotify:track:0OfaueVeRebAfWsAHajj3z"
          },
          "episode": null,
          "localTrack": null,
          "addedDate": "2020-10-11"
        },
        {
          "track": {
            "trackName": "She Loves Control",
            "artistName": "Camila Cabello",
            "albumName": "Camila",
            "trackUri": "spotify:track:5HwnezK198pJCEj1l2Adjy"
          },
          "episode": null,
          "localTrack": null,
          "addedDate": "2020-10-11"
        },
        {
          "track": {
            "trackName": "Get in Trouble (So What)",
            "artistName": "Dimitri Vegas & Like Mike",
            "albumName": "Get in Trouble (So What)",
            "trackUri": "spotify:track:5KC7ginqShi7mhDQLttQh0"
          },
          "episode": null,
          "localTrack": null,
          "addedDate": "2020-10-11"
        }
      ],
      "description": null,
      "numberOfFollowers": 0
    },
    {
      "name": "A W",
      "lastModifiedDate": "2020-10-10",
      "items": [
        {
          "track": {
            "trackName": "Faded",
            "artistName": "Alan Walker",
            "albumName": "Different World",
            "trackUri": "spotify:track:698ItKASDavgwZ3WjaWjtz"
          },
          "episode": null,
          "localTrack": null,
          "addedDate": "2020-09-28"
        },
        {
          "track": {
            "trackName": "Alone",
            "artistName": "Alan Walker",
            "albumName": "Different World",
            "trackUri": "spotify:track:3LlmKSHR3Rs0Y3KHQLAYDk"
          },
          "episode": null,
          "localTrack": null,
          "addedDate": "2020-09-28"
        },
        {
          "track": {
            "trackName": "On My Way",
            "artistName": "Alan Walker",
            "albumName": "On My Way",
            "trackUri": "spotify:track:4n7jnSxVLd8QioibtTDBDq"
          },
          "episode": null,
          "localTrack": null,
          "addedDate": "2020-09-28"
        },
        {
          "track": {
            "trackName": "Lily",
            "artistName": "Alan Walker",
            "albumName": "Different World",
            "trackUri": "spotify:track:0lks2Kt9veMOFEAPN0fsqN"
          },
          "episode": null,
          "localTrack": null,
          "addedDate": "2020-09-28"
        },
        {
          "track": {
            "trackName": "Darkside",
            "artistName": "Alan Walker",
            "albumName": "Different World",
            "trackUri": "spotify:track:6SRWhUJcD2YKahCwHavz3X"
          },
          "episode": null,
          "localTrack": null,
          "addedDate": "2020-09-28"
        },
        {
          "track": {
            "trackName": "The Spectre",
            "artistName": "Alan Walker",
            "albumName": "The Spectre",
            "trackUri": "spotify:track:2DGa7iaidT5s0qnINlwMjJ"
          },
          "episode": null,
          "localTrack": null,
          "addedDate": "2020-09-28"
        },
        {
          "track": {
            "trackName": "Ignite",
            "artistName": "Alan Walker",
            "albumName": "Ignite",
            "trackUri": "spotify:track:1jLsirPDkUS2g4gnkYua58"
          },
          "episode": null,
          "localTrack": null,
          "addedDate": "2020-10-10"
        }
      ],
      "description": null,
      "numberOfFollowers": 0
    },
    {
      "name": "First",
      "lastModifiedDate": "2020-09-28",
      "items": [
        {
          "track": {
            "trackName": "On My Way",
            "artistName": "Alan Walker",
            "albumName": "On My Way",
            "trackUri": "spotify:track:4n7jnSxVLd8QioibtTDBDq"
          },
          "episode": null,
          "localTrack": null,
          "addedDate": "2020-07-21"
        },
        {
          "track": {
            "trackName": "Lily",
            "artistName": "Alan Walker",
            "albumName": "Different World",
            "trackUri": "spotify:track:0lks2Kt9veMOFEAPN0fsqN"
          },
          "episode": null,
          "localTrack": null,
          "addedDate": "2020-07-21"
        },
        {
          "track": {
            "trackName": "The Spectre",
            "artistName": "Alan Walker",
            "albumName": "The Spectre",
            "trackUri": "spotify:track:2DGa7iaidT5s0qnINlwMjJ"
          },
          "episode": null,
          "localTrack": null,
          "addedDate": "2020-07-21"
        },
        {
          "track": {
            "trackName": "Memories",
            "artistName": "Maroon 5",
            "albumName": "Memories",
            "trackUri": "spotify:track:2b8fOow8UzyDFAE27YhOZM"
          },
          "episode": null,
          "localTrack": null,
          "addedDate": "2020-07-21"
        },
        {
          "track": {
            "trackName": "Loco Contigo (feat. J. Balvin & Tyga)",
            "artistName": "DJ Snake",
            "albumName": "Carte Blanche",
            "trackUri": "spotify:track:6osaMSJh9NguagEDQcZaKx"
          },
          "episode": null,
          "localTrack": null,
          "addedDate": "2020-07-21"
        },
        {
          "track": {
            "trackName": "Attention",
            "artistName": "Charlie Puth",
            "albumName": "Voicenotes",
            "trackUri": "spotify:track:5cF0dROlMOK5uNZtivgu50"
          },
          "episode": null,
          "localTrack": null,
          "addedDate": "2020-07-21"
        },
        {
          "track": {
            "trackName": "Without Me",
            "artistName": "Halsey",
            "albumName": "Without Me",
            "trackUri": "spotify:track:5p7ujcrUXASCNwRaWNHR1C"
          },
          "episode": null,
          "localTrack": null,
          "addedDate": "2020-07-21"
        },
        {
          "track": {
            "trackName": "Something Just Like This",
            "artistName": "The Chainsmokers",
            "albumName": "Memories...Do Not Open",
            "trackUri": "spotify:track:6RUKPb4LETWmmr3iAEQktW"
          },
          "episode": null,
          "localTrack": null,
          "addedDate": "2020-09-28"
        },
        {
          "track": {
            "trackName": "FRIENDS",
            "artistName": "Marshmello",
            "albumName": "FRIENDS",
            "trackUri": "spotify:track:08bNPGLD8AhKpnnERrAc6G"
          },
          "episode": null,
          "localTrack": null,
          "addedDate": "2020-09-28"
        },
        {
          "track": {
            "trackName": "Happier",
            "artistName": "Marshmello",
            "albumName": "Happier",
            "trackUri": "spotify:track:2dpaYNEQHiRxtZbfNsse99"
          },
          "episode": null,
          "localTrack": null,
          "addedDate": "2020-09-28"
        },
        {
          "track": {
            "trackName": "Shape of You",
            "artistName": "Ed Sheeran",
            "albumName": "÷",
            "trackUri": "spotify:track:7qiZfU4dY1lWllzX7mPBI3"
          },
          "episode": null,
          "localTrack": null,
          "addedDate": "2020-09-28"
        },
        {
          "track": {
            "trackName": "Counting Stars",
            "artistName": "OneRepublic",
            "albumName": "Native",
            "trackUri": "spotify:track:2tpWsVSb9UEmDRxAl1zhX1"
          },
          "episode": null,
          "localTrack": null,
          "addedDate": "2020-09-28"
        },
        {
          "track": {
            "trackName": "Old Town Road",
            "artistName": "Lil Nas X",
            "albumName": "7 EP",
            "trackUri": "spotify:track:0F7FA14euOIX8KcbEturGH"
          },
          "episode": null,
          "localTrack": null,
          "addedDate": "2020-09-28"
        },
        {
          "track": {
            "trackName": "Dance Monkey",
            "artistName": "Tones And I",
            "albumName": "Dance Monkey (Stripped Back) / Dance Monkey",
            "trackUri": "spotify:track:2XU0oxnq2qxCpomAAuJY8K"
          },
          "episode": null,
          "localTrack": null,
          "addedDate": "2020-09-28"
        },
        {
          "track": {
            "trackName": "I Took A Pill In Ibiza - Seeb Remix",
            "artistName": "Mike Posner",
            "albumName": "POPWIKI 3",
            "trackUri": "spotify:track:1UdmtX2aQBQRe7NlUQVH5r"
          },
          "episode": null,
          "localTrack": null,
          "addedDate": "2020-09-28"
        },
        {
          "track": {
            "trackName": "Cradles",
            "artistName": "Sub Urban",
            "albumName": "Cradles",
            "trackUri": "spotify:track:18A7ha5BitZjmdHTCwXFbU"
          },
          "episode": null,
          "localTrack": null,
          "addedDate": "2020-09-28"
        }
      ],
      "description": null,
      "numberOfFollowers": 0
    }
  ]
}