[
  {
    "platform" : "ANDROID_ARM",
    "searchTime" : "2022-08-05T11:34:09.211Z[UTC]",
    "searchQuery" : "k",
    "searchInteractionURIs" : [
    ]
  },
  {
    "platform" : "ANDROID",
    "searchTime" : "2022-08-05T11:36:11.055Z[UTC]",
    "searchQuery" : "ksi",
    "searchInteractionURIs" : [
      "spotify:artist:1nzgtKYFckznkcVMR3Gg4z"
    ]
  },
  {
    "platform" : "ANDROID",
    "searchTime" : "2022-08-05T11:36:20.567Z[UTC]",
    "searchQuery" : "not o",
    "searchInteractionURIs" : [
      "spotify:artist:1nzgtKYFckznkcVMR3Gg4z"
    ]
  },
  {
    "platform" : "ANDROID",
    "searchTime" : "2022-08-06T18:30:33.982Z[UTC]",
    "searchQuery" : "not ",
    "searchInteractionURIs" : [
      "spotify:track:3t2Hx5FPih5lKaxJFd6bRE"
    ]
  },
  {
    "platform" : "WEBPLAYER",
    "searchTime" : "2022-08-07T07:15:34.561Z[UTC]",
    "searchQuery" : "fou",
    "searchInteractionURIs" : [
    ]
  },
  {
    "platform" : "WEBPLAYER",
    "searchTime" : "2022-08-08T13:42:13.813Z[UTC]",
    "searchQuery" : "d",
    "searchInteractionURIs" : [
    ]
  },
  {
    "platform" : "WEBPLAYER",
    "searchTime" : "2022-08-08T13:43:05.737Z[UTC]",
    "searchQuery" : "dilbar m",
    "searchInteractionURIs" : [
    ]
  },
  {
    "platform" : "WEBPLAYER",
    "searchTime" : "2022-08-08T13:43:06.288Z[UTC]",
    "searchQuery" : "dilbar mai",
    "searchInteractionURIs" : [
    ]
  },
  {
    "platform" : "WEBPLAYER",
    "searchTime" : "2022-08-08T13:43:07.523Z[UTC]",
    "searchQuery" : "dilbar m",
    "searchInteractionURIs" : [
    ]
  },
  {
    "platform" : "WEBPLAYER",
    "searchTime" : "2022-08-09T02:01:22.802Z[UTC]",
    "searchQuery" : "rabian",
    "searchInteractionURIs" : [
    ]
  },
  {
    "platform" : "WEBPLAYER",
    "searchTime" : "2022-08-09T02:01:25.242Z[UTC]",
    "searchQuery" : "arabian",
    "searchInteractionURIs" : [
    ]
  },
  {
    "platform" : "WEBPLAYER",
    "searchTime" : "2022-08-09T09:48:36.469Z[UTC]",
    "searchQuery" : "ha",
    "searchInteractionURIs" : [
    ]
  },
  {
    "platform" : "ANDROID_ARM",
    "searchTime" : "2022-08-11T11:35:53.377Z[UTC]",
    "searchQuery" : "pa",
    "searchInteractionURIs" : [
    ]
  },
  {
    "platform" : "ANDROID",
    "searchTime" : "2022-08-11T11:37:55.935Z[UTC]",
    "searchQuery" : "paro",
    "searchInteractionURIs" : [
      "spotify:track:6zvHwijlnwqjS6d46yAffi",
      "spotify:track:6zvHwijlnwqjS6d46yAffi"
    ]
  },
  {
    "platform" : "WEBPLAYER",
    "searchTime" : "2022-08-12T13:50:56.045Z[UTC]",
    "searchQuery" : "ole",
    "searchInteractionURIs" : [
    ]
  },
  {
    "platform" : "WEBPLAYER",
    "searchTime" : "2022-08-12T13:50:56.720Z[UTC]",
    "searchQuery" : "ol",
    "searchInteractionURIs" : [
    ]
  },
  {
    "platform" : "ANDROID",
    "searchTime" : "2022-08-13T14:08:38.963Z[UTC]",
    "searchQuery" : "fatneek",
    "searchInteractionURIs" : [
    ]
  },
  {
    "platform" : "WEBPLAYER",
    "searchTime" : "2022-08-14T13:11:32.705Z[UTC]",
    "searchQuery" : "opps it",
    "searchInteractionURIs" : [
    ]
  },
  {
    "platform" : "WEBPLAYER",
    "searchTime" : "2022-08-14T13:11:33.057Z[UTC]",
    "searchQuery" : "opps it ",
    "searchInteractionURIs" : [
    ]
  },
  {
    "platform" : "WEBPLAYER",
    "searchTime" : "2022-08-14T13:11:35.660Z[UTC]",
    "searchQuery" : "opps i did",
    "searchInteractionURIs" : [
    ]
  },
  {
    "platform" : "ANDROID",
    "searchTime" : "2022-08-18T12:23:01.978Z[UTC]",
    "searchQuery" : "b",
    "searchInteractionURIs" : [
      "spotify:track:27ZZdyTSQWI7Cug2d2PkqV"
    ]
  },
  {
    "platform" : "ANDROID_ARM",
    "searchTime" : "2022-08-19T12:54:29.523Z[UTC]",
    "searchQuery" : "de",
    "searchInteractionURIs" : [
    ]
  },
  {
    "platform" : "ANDROID",
    "searchTime" : "2022-08-19T12:56:33.738Z[UTC]",
    "searchQuery" : "dejame",
    "searchInteractionURIs" : [
      "spotify:track:4frBouF2mDqp5wn1cp1zIk",
      "spotify:track:4frBouF2mDqp5wn1cp1zIk",
      "spotify:track:4frBouF2mDqp5wn1cp1zIk"
    ]
  },
  {
    "platform" : "ANDROID_ARM",
    "searchTime" : "2022-08-19T14:02:41.916Z[UTC]",
    "searchQuery" : "wha",
    "searchInteractionURIs" : [
    ]
  },
  {
    "platform" : "ANDROID_ARM",
    "searchTime" : "2022-08-19T14:02:42.469Z[UTC]",
    "searchQuery" : "what ",
    "searchInteractionURIs" : [
    ]
  },
  {
    "platform" : "ANDROID",
    "searchTime" : "2022-08-19T14:04:46.106Z[UTC]",
    "searchQuery" : "what bec",
    "searchInteractionURIs" : [
      "spotify:track:09Nlhtnn087cbbhMzuInxy"
    ]
  },
  {
    "platform" : "ANDROID",
    "searchTime" : "2022-08-19T15:57:29.338Z[UTC]",
    "searchQuery" : "mor",
    "searchInteractionURIs" : [
      "spotify:track:2nC3QhMI9reBIOWutbU3Tj"
    ]
  },
  {
    "platform" : "WEBPLAYER",
    "searchTime" : "2022-08-20T02:41:09.839Z[UTC]",
    "searchQuery" : "RO",
    "searchInteractionURIs" : [
    ]
  },
  {
    "platform" : "WEBPLAYER",
    "searchTime" : "2022-08-20T02:41:09.955Z[UTC]",
    "searchQuery" : "RO",
    "searchInteractionURIs" : [
    ]
  },
  {
    "platform" : "WEBPLAYER",
    "searchTime" : "2022-08-20T02:41:10.045Z[UTC]",
    "searchQuery" : "ROX",
    "searchInteractionURIs" : [
    ]
  },
  {
    "platform" : "WEBPLAYER",
    "searchTime" : "2022-08-20T11:26:52.641Z[UTC]",
    "searchQuery" : "da",
    "searchInteractionURIs" : [
    ]
  },
  {
    "platform" : "WEBPLAYER",
    "searchTime" : "2022-08-20T11:26:53.452Z[UTC]",
    "searchQuery" : "dande",
    "searchInteractionURIs" : [
    ]
  },
  {
    "platform" : "ANDROID_ARM",
    "searchTime" : "2022-08-20T11:31:44.087Z[UTC]",
    "searchQuery" : "dande",
    "searchInteractionURIs" : [
    ]
  },
  {
    "platform" : "ANDROID",
    "searchTime" : "2022-08-20T11:33:47.542Z[UTC]",
    "searchQuery" : "dandel",
    "searchInteractionURIs" : [
      "spotify:track:6fhG2KJgwO7CrNflRaRmvp"
    ]
  },
  {
    "platform" : "ANDROID",
    "searchTime" : "2022-08-20T14:44:43.054Z[UTC]",
    "searchQuery" : "gli",
    "searchInteractionURIs" : [
      "spotify:track:6xGruZOHLs39ZbVccQTuPZ"
    ]
  },
  {
    "platform" : "ANDROID_ARM",
    "searchTime" : "2022-08-20T15:44:34.225Z[UTC]",
    "searchQuery" : "sid",
    "searchInteractionURIs" : [
    ]
  },
  {
    "platform" : "ANDROID",
    "searchTime" : "2022-08-20T15:46:38.160Z[UTC]",
    "searchQuery" : "side to",
    "searchInteractionURIs" : [
      "spotify:track:44ONERBHALxftQNWq6dmyd"
    ]
  },
  {
    "platform" : "ANDROID_ARM",
    "searchTime" : "2022-08-21T05:03:34.636Z[UTC]",
    "searchQuery" : "bu",
    "searchInteractionURIs" : [
    ]
  },
  {
    "platform" : "ANDROID_ARM",
    "searchTime" : "2022-08-21T05:03:35.087Z[UTC]",
    "searchQuery" : "bun",
    "searchInteractionURIs" : [
    ]
  },
  {
    "platform" : "ANDROID_ARM",
    "searchTime" : "2022-08-21T05:03:35.110Z[UTC]",
    "searchQuery" : "bunn",
    "searchInteractionURIs" : [
    ]
  },
  {
    "platform" : "ANDROID",
    "searchTime" : "2022-08-21T05:05:38.531Z[UTC]",
    "searchQuery" : "bunny",
    "searchInteractionURIs" : [
      "spotify:track:6w1E3TTGPuXCzVyKBmLNBD"
    ]
  },
  {
    "platform" : "ANDROID",
    "searchTime" : "2022-08-21T05:20:36.961Z[UTC]",
    "searchQuery" : "jojo",
    "searchInteractionURIs" : [
      "spotify:track:0oFPCGIO4t2cmOkksXknoD"
    ]
  },
  {
    "platform" : "ANDROID_ARM",
    "searchTime" : "2022-08-21T16:32:01.217Z[UTC]",
    "searchQuery" : "suzu",
    "searchInteractionURIs" : [
    ]
  },
  {
    "platform" : "WEBPLAYER",
    "searchTime" : "2022-08-22T10:32:27.023Z[UTC]",
    "searchQuery" : "tale ",
    "searchInteractionURIs" : [
    ]
  },
  {
    "platform" : "WEBPLAYER",
    "searchTime" : "2022-08-22T10:32:28.581Z[UTC]",
    "searchQuery" : "tale ",
    "searchInteractionURIs" : [
    ]
  },
  {
    "platform" : "WEBPLAYER",
    "searchTime" : "2022-08-22T10:32:39.483Z[UTC]",
    "searchQuery" : "tale of ",
    "searchInteractionURIs" : [
    ]
  },
  {
    "platform" : "WEBPLAYER",
    "searchTime" : "2022-08-22T10:32:44.056Z[UTC]",
    "searchQuery" : "tale of naruto ",
    "searchInteractionURIs" : [
    ]
  },
  {
    "platform" : "WEBPLAYER",
    "searchTime" : "2022-08-22T10:32:47.218Z[UTC]",
    "searchQuery" : "tale of naruto uzu",
    "searchInteractionURIs" : [
    ]
  },
  {
    "platform" : "WEBPLAYER",
    "searchTime" : "2022-08-22T10:32:47.779Z[UTC]",
    "searchQuery" : "tale of naruto uzuma",
    "searchInteractionURIs" : [
    ]
  },
  {
    "platform" : "WEBPLAYER",
    "searchTime" : "2022-08-22T10:33:00.687Z[UTC]",
    "searchQuery" : "the tale of naruto",
    "searchInteractionURIs" : [
    ]
  },
  {
    "platform" : "WEBPLAYER",
    "searchTime" : "2022-08-22T10:37:03.667Z[UTC]",
    "searchQuery" : "we are",
    "searchInteractionURIs" : [
    ]
  },
  {
    "platform" : "ANDROID_ARM",
    "searchTime" : "2022-08-23T13:45:04.266Z[UTC]",
    "searchQuery" : "night",
    "searchInteractionURIs" : [
    ]
  },
  {
    "platform" : "ANDROID",
    "searchTime" : "2022-08-25T10:43:40.187Z[UTC]",
    "searchQuery" : "bl8nd",
    "searchInteractionURIs" : [
      "spotify:track:0VjIjW4GlUZAMYd2vXMi3b"
    ]
  },
  {
    "platform" : "ANDROID_ARM",
    "searchTime" : "2022-08-25T16:41:11.034Z[UTC]",
    "searchQuery" : "ter",
    "searchInteractionURIs" : [
    ]
  },
  {
    "platform" : "ANDROID_ARM",
    "searchTime" : "2022-08-25T16:41:11.218Z[UTC]",
    "searchQuery" : "tere",
    "searchInteractionURIs" : [
    ]
  },
  {
    "platform" : "ANDROID",
    "searchTime" : "2022-08-25T16:43:37.671Z[UTC]",
    "searchQuery" : "palat slo",
    "searchInteractionURIs" : [
      "spotify:track:0R5invf0xH2NTXVnloNRjb"
    ]
  },
  {
    "platform" : "ANDROID",
    "searchTime" : "2022-08-25T16:43:45.089Z[UTC]",
    "searchQuery" : "palat slowed",
    "searchInteractionURIs" : [
      "spotify:track:6xaBmbo9ET6M08NUDkCFle",
      "spotify:track:0dTjGvzVRsvUjM9jJVWEDK",
      "spotify:playlist:6skHgs2TRYsbdoTbS6UpJh"
    ]
  },
  {
    "platform" : "ANDROID_ARM",
    "searchTime" : "2022-08-26T15:16:54.437Z[UTC]",
    "searchQuery" : "mr s",
    "searchInteractionURIs" : [
    ]
  },
  {
    "platform" : "ANDROID_ARM",
    "searchTime" : "2022-08-26T15:16:54.451Z[UTC]",
    "searchQuery" : "mr ",
    "searchInteractionURIs" : [
    ]
  },
  {
    "platform" : "ANDROID",
    "searchTime" : "2022-08-26T15:18:58.787Z[UTC]",
    "searchQuery" : "mr sand",
    "searchInteractionURIs" : [
      "spotify:track:1T3tP6HvCgDF8ewpRqwM1e",
      "spotify:track:6sPpUfwcYBgW3kTXStNsVM"
    ]
  },
  {
    "platform" : "WEBPLAYER",
    "searchTime" : "2022-08-27T10:11:53.573Z[UTC]",
    "searchQuery" : "she mak",
    "searchInteractionURIs" : [
    ]
  },
  {
    "platform" : "WEBPLAYER",
    "searchTime" : "2022-08-27T10:11:55.738Z[UTC]",
    "searchQuery" : "she make",
    "searchInteractionURIs" : [
    ]
  },
  {
    "platform" : "ANDROID_ARM",
    "searchTime" : "2022-08-28T04:28:26.445Z[UTC]",
    "searchQuery" : "she ",
    "searchInteractionURIs" : [
    ]
  },
  {
    "platform" : "ANDROID",
    "searchTime" : "2022-08-28T04:30:36.844Z[UTC]",
    "searchQuery" : "she make it clap",
    "searchInteractionURIs" : [
      "spotify:track:6qNjm2ZDTllXGRLpsI2e0v"
    ]
  },
  {
    "platform" : "ANDROID",
    "searchTime" : "2022-08-28T06:45:46.234Z[UTC]",
    "searchQuery" : "spin",
    "searchInteractionURIs" : [
      "spotify:track:4jTiyLlOJVJj3mCr7yfPQD"
    ]
  },
  {
    "platform" : "ANDROID",
    "searchTime" : "2022-08-28T10:04:07.140Z[UTC]",
    "searchQuery" : "talk dirty slowed",
    "searchInteractionURIs" : [
      "spotify:track:4u8RxMugqBdssv5dpw8i0P",
      "spotify:track:5l3CML2OnzfNs5RfVgbcLt"
    ]
  },
  {
    "platform" : "ANDROID_ARM",
    "searchTime" : "2022-08-28T12:42:19.554Z[UTC]",
    "searchQuery" : "d",
    "searchInteractionURIs" : [
    ]
  },
  {
    "platform" : "ANDROID",
    "searchTime" : "2022-08-28T12:45:21.844Z[UTC]",
    "searchQuery" : "doja ",
    "searchInteractionURIs" : [
      "spotify:artist:5cj0lLjcoR7YOSnhnX0Po5"
    ]
  },
  {
    "platform" : "ANDROID_ARM",
    "searchTime" : "2022-08-28T20:26:01.802Z[UTC]",
    "searchQuery" : "a",
    "searchInteractionURIs" : [
    ]
  },
  {
    "platform" : "ANDROID",
    "searchTime" : "2022-08-28T20:29:05.183Z[UTC]",
    "searchQuery" : "arabian",
    "searchInteractionURIs" : [
      "spotify:track:6ZxPYutGhjLTrcmvcshCa4",
      "spotify:track:7DFceSmXfqUi2zf85TCvpe",
      "spotify:track:6ZxPYutGhjLTrcmvcshCa4",
      "spotify:track:1Pt2STlAgfB1CiEV8mf3CN"
    ]
  },
  {
    "platform" : "ANDROID",
    "searchTime" : "2022-08-30T14:21:38.495Z[UTC]",
    "searchQuery" : "love story el",
    "searchInteractionURIs" : [
      "spotify:track:5RaBeejGtdPEszYEKYECs2",
      "spotify:track:5RaBeejGtdPEszYEKYECs2"
    ]
  },
  {
    "platform" : "ANDROID_ARM",
    "searchTime" : "2022-08-31T03:30:09.858Z[UTC]",
    "searchQuery" : "vool ",
    "searchInteractionURIs" : [
    ]
  },
  {
    "platform" : "ANDROID_ARM",
    "searchTime" : "2022-08-31T03:30:10.410Z[UTC]",
    "searchQuery" : "vool kid",
    "searchInteractionURIs" : [
    ]
  },
  {
    "platform" : "ANDROID",
    "searchTime" : "2022-08-31T03:33:12.118Z[UTC]",
    "searchQuery" : "vool kids",
    "searchInteractionURIs" : [
      "spotify:track:13P5rwmk2EsoFRIz9UCeh9"
    ]
  },
  {
    "platform" : "ANDROID",
    "searchTime" : "2022-08-31T04:09:39.845Z[UTC]",
    "searchQuery" : "un",
    "searchInteractionURIs" : [
      "spotify:track:0T5iIrXA4p5GsubkhuBIKV"
    ]
  },
  {
    "platform" : "WEBPLAYER",
    "searchTime" : "2022-08-31T11:41:25.899Z[UTC]",
    "searchQuery" : "my or",
    "searchInteractionURIs" : [
    ]
  },
  {
    "platform" : "ANDROID_ARM",
    "searchTime" : "2022-09-01T16:39:20.590Z[UTC]",
    "searchQuery" : "idf",
    "searchInteractionURIs" : [
    ]
  },
  {
    "platform" : "ANDROID_ARM",
    "searchTime" : "2022-09-01T16:39:28.991Z[UTC]",
    "searchQuery" : "idfc slowed",
    "searchInteractionURIs" : [
    ]
  },
  {
    "platform" : "ANDROID",
    "searchTime" : "2022-09-01T16:42:24.632Z[UTC]",
    "searchQuery" : "idfc slowed",
    "searchInteractionURIs" : [
      "spotify:episode:7lelE8RR2GUEhFa2LuoM9t",
      "spotify:track:0htIDCzT1YvR76zBNDfPHg",
      "spotify:episode:0WN8IoJPnSh2nxkrEnY9L8",
      "spotify:track:3UDBmJCKr9uQLgKu6ZZh5f",
      "spotify:track:3SErMoIKdRELto2OspGs5L",
      "spotify:track:6y6jbcPG4Yn3Du4moXaenr",
      "spotify:track:1PDZOrJOeiV277dxAsPb9S",
      "spotify:track:3SErMoIKdRELto2OspGs5L"
    ]
  },
  {
    "platform" : "ANDROID_ARM",
    "searchTime" : "2022-09-02T02:00:55.108Z[UTC]",
    "searchQuery" : "man on",
    "searchInteractionURIs" : [
    ]
  },
  {
    "platform" : "ANDROID",
    "searchTime" : "2022-09-02T02:03:47.399Z[UTC]",
    "searchQuery" : "calys",
    "searchInteractionURIs" : [
      "spotify:track:3FMedgGsLUNwx8NciePFEK"
    ]
  },
  {
    "platform" : "ANDROID",
    "searchTime" : "2022-09-02T02:03:59.230Z[UTC]",
    "searchQuery" : "man on the",
    "searchInteractionURIs" : [
      "spotify:track:0zqBZqm5czQ3A4EoSdKFHj",
      "spotify:track:0zqBZqm5czQ3A4EoSdKFHj"
    ]
  },
  {
    "platform" : "ANDROID",
    "searchTime" : "2022-09-02T07:21:11.701Z[UTC]",
    "searchQuery" : "1950",
    "searchInteractionURIs" : [
      "spotify:playlist:1JV1pZgLLEfvhnYdbCVniA"
    ]
  },
  {
    "platform" : "ANDROID",
    "searchTime" : "2022-09-02T07:34:26.209Z[UTC]",
    "searchQuery" : "hubdi",
    "searchInteractionURIs" : [
      "spotify:playlist:4wJLkwU84uscxJ7SOlmUX1"
    ]
  },
  {
    "platform" : "ANDROID",
    "searchTime" : "2022-09-02T10:05:40.224Z[UTC]",
    "searchQuery" : "lela",
    "searchInteractionURIs" : [
      "spotify:track:4qVStkAhz8A61r7bfLqPvM"
    ]
  },
  {
    "platform" : "ANDROID",
    "searchTime" : "2022-09-02T13:01:10.787Z[UTC]",
    "searchQuery" : "o mer",
    "searchInteractionURIs" : [
      "spotify:track:4qVStkAhz8A61r7bfLqPvM"
    ]
  },
  {
    "platform" : "ANDROID_ARM",
    "searchTime" : "2022-09-03T01:50:13.849Z[UTC]",
    "searchQuery" : "t",
    "searchInteractionURIs" : [
    ]
  },
  {
    "platform" : "ANDROID",
    "searchTime" : "2022-09-03T01:50:17.162Z[UTC]",
    "searchQuery" : "tale of",
    "searchInteractionURIs" : [
      "spotify:episode:2nnrmSL3J8GmVof1tJGFm3",
      "spotify:track:7husdLFXxlWlns7fDCWutf"
    ]
  },
  {
    "platform" : "ANDROID_ARM",
    "searchTime" : "2022-09-03T01:50:18.111Z[UTC]",
    "searchQuery" : "tale ",
    "searchInteractionURIs" : [
    ]
  },
  {
    "platform" : "ANDROID",
    "searchTime" : "2022-09-03T01:50:39.159Z[UTC]",
    "searchQuery" : "tale of naruto uzumaki",
    "searchInteractionURIs" : [
      "spotify:playlist:4FomnqkNrWuUdhTFRGjiXX",
      "spotify:playlist:63RttcEDlaHqizyaOJBKNm"
    ]
  },
  {
    "platform" : "ANDROID_ARM",
    "searchTime" : "2022-09-03T01:51:12.517Z[UTC]",
    "searchQuery" : "tale of naruto uzumaki",
    "searchInteractionURIs" : [
    ]
  },
  {
    "platform" : "ANDROID",
    "searchTime" : "2022-09-03T01:51:20.719Z[UTC]",
    "searchQuery" : "the tale of naruto uzumaki",
    "searchInteractionURIs" : [
      "spotify:track:39pMuJ3ShxDqb7bBIAXSYG",
      "spotify:track:0koo0khcTxjr8zw4KIn3Yz"
    ]
  },
  {
    "platform" : "ANDROID",
    "searchTime" : "2022-09-03T01:53:48.196Z[UTC]",
    "searchQuery" : "suzume",
    "searchInteractionURIs" : [
      "spotify:track:4wlOGHCurUTa60NQGP2pXV",
      "spotify:track:7MQqA9wEOw7RtRUefGcCnM",
      "spotify:track:7MQqA9wEOw7RtRUefGcCnM",
      "spotify:track:16DhxLBprvn3aqcohyGQW2",
      "spotify:track:29Mqpr2cw0FlY0wQBV05bF",
      "spotify:album:1X4v4MCY0WNuQ8E5sWrCvx",
      "spotify:track:4n9kwoRaaSLBiEdix3p4ET",
      "spotify:playlist:5s597Lp1R4syPrHF3h1SXJ"
    ]
  },
  {
    "platform" : "ANDROID_ARM",
    "searchTime" : "2022-09-03T01:53:49.492Z[UTC]",
    "searchQuery" : "suzu",
    "searchInteractionURIs" : [
    ]
  },
  {
    "platform" : "ANDROID_ARM",
    "searchTime" : "2022-09-03T01:53:49.792Z[UTC]",
    "searchQuery" : "suzum",
    "searchInteractionURIs" : [
    ]
  },
  {
    "platform" : "ANDROID_ARM",
    "searchTime" : "2022-09-04T06:30:30.935Z[UTC]",
    "searchQuery" : "chaan sa",
    "searchInteractionURIs" : [
    ]
  },
  {
    "platform" : "ANDROID_ARM",
    "searchTime" : "2022-09-04T06:30:31.852Z[UTC]",
    "searchQuery" : "chaansifarish",
    "searchInteractionURIs" : [
    ]
  },
  {
    "platform" : "ANDROID",
    "searchTime" : "2022-09-04T06:30:36.139Z[UTC]",
    "searchQuery" : "chaad sifarish",
    "searchInteractionURIs" : [
      "spotify:track:5EYZZvmNAH5VZCwuzYJqoA"
    ]
  },
  {
    "platform" : "ANDROID",
    "searchTime" : "2022-09-04T06:54:57.237Z[UTC]",
    "searchQuery" : "mere rashke qamar",
    "searchInteractionURIs" : [
      "spotify:track:4sNiMTu47WkUgW87qeUlWF"
    ]
  },
  {
    "platform" : "ANDROID",
    "searchTime" : "2022-09-04T06:55:16.580Z[UTC]",
    "searchQuery" : "mere rashke qamar",
    "searchInteractionURIs" : [
      "spotify:track:4qhSXfINILEhRhANVMWdvO",
      "spotify:track:4qhSXfINILEhRhANVMWdvO",
      "spotify:track:26agUNCCuZGgevNUiY4tdd",
      "spotify:track:26agUNCCuZGgevNUiY4tdd",
      "spotify:track:0SinGR5epFYJN6wdxyOxVF",
      "spotify:track:0SinGR5epFYJN6wdxyOxVF",
      "spotify:track:2RYKyQXya1ryVpRolmDjZB"
    ]
  },
  {
    "platform" : "ANDROID_ARM",
    "searchTime" : "2022-09-04T06:55:18.435Z[UTC]",
    "searchQuery" : "mere rashke qamar",
    "searchInteractionURIs" : [
    ]
  },
  {
    "platform" : "ANDROID",
    "searchTime" : "2022-09-04T11:21:25.357Z[UTC]",
    "searchQuery" : "senori",
    "searchInteractionURIs" : [
      "spotify:track:3TAhWtQnpoL5Vl9VQPl9fU"
    ]
  },
  {
    "platform" : "ANDROID",
    "searchTime" : "2022-09-04T11:25:29.876Z[UTC]",
    "searchQuery" : "d",
    "searchInteractionURIs" : [
      "spotify:track:4tjLYTXFqZhkUDga4bQ0yl"
    ]
  },
  {
    "platform" : "ANDROID_ARM",
    "searchTime" : "2022-09-04T11:25:35.138Z[UTC]",
    "searchQuery" : "saki s",
    "searchInteractionURIs" : [
    ]
  },
  {
    "platform" : "ANDROID",
    "searchTime" : "2022-09-04T11:25:35.811Z[UTC]",
    "searchQuery" : "saki sak",
    "searchInteractionURIs" : [
      "spotify:track:4cFwhwH5ydnHgB0Tv3lZsm"
    ]
  },
  {
    "platform" : "ANDROID_ARM",
    "searchTime" : "2022-09-04T11:28:43.552Z[UTC]",
    "searchQuery" : "saki sa",
    "searchInteractionURIs" : [
    ]
  },
  {
    "platform" : "ANDROID_ARM",
    "searchTime" : "2022-09-04T11:28:44.070Z[UTC]",
    "searchQuery" : "sak",
    "searchInteractionURIs" : [
    ]
  },
  {
    "platform" : "ANDROID",
    "searchTime" : "2022-09-04T11:28:49.670Z[UTC]",
    "searchQuery" : "war",
    "searchInteractionURIs" : [
      "spotify:album:1FU97iwW5a0nV7wq3Mk5DQ"
    ]
  },
  {
    "platform" : "ANDROID_ARM",
    "searchTime" : "2022-09-04T15:15:47.172Z[UTC]",
    "searchQuery" : "t",
    "searchInteractionURIs" : [
    ]
  },
  {
    "platform" : "ANDROID",
    "searchTime" : "2022-09-04T15:18:49.585Z[UTC]",
    "searchQuery" : "tommy",
    "searchInteractionURIs" : [
      "spotify:track:0C9XGsDU2kii5WKLdyKutY"
    ]
  },
  {
    "platform" : "WEBPLAYER",
    "searchTime" : "2022-09-06T09:40:43.101Z[UTC]",
    "searchQuery" : "jay ",
    "searchInteractionURIs" : [
    ]
  },
  {
    "platform" : "ANDROID",
    "searchTime" : "2022-09-06T14:28:39.821Z[UTC]",
    "searchQuery" : "snap",
    "searchInteractionURIs" : [
      "spotify:track:76OGwb5RA9h4FxQPT33ekc",
      "spotify:track:6R4NKHj0PyvukMtYY33Jg6"
    ]
  },
  {
    "platform" : "ANDROID",
    "searchTime" : "2022-09-06T14:29:39.533Z[UTC]",
    "searchQuery" : "snap",
    "searchInteractionURIs" : [
      "spotify:track:76OGwb5RA9h4FxQPT33ekc"
    ]
  },
  {
    "platform" : "ANDROID_ARM",
    "searchTime" : "2022-09-08T01:37:11.852Z[UTC]",
    "searchQuery" : "sunday m",
    "searchInteractionURIs" : [
    ]
  },
  {
    "platform" : "ANDROID",
    "searchTime" : "2022-09-08T01:40:21.072Z[UTC]",
    "searchQuery" : "sunday mo",
    "searchInteractionURIs" : [
      "spotify:track:5g7Djs8bmMGYaL7XRkdamJ"
    ]
  },
  {
    "platform" : "ANDROID",
    "searchTime" : "2022-09-08T08:31:14.244Z[UTC]",
    "searchQuery" : "worlds",
    "searchInteractionURIs" : [
      "spotify:track:68EkhVWIeULhHxcbi1QhzK"
    ]
  },
  {
    "platform" : "ANDROID",
    "searchTime" : "2022-09-08T10:31:40.240Z[UTC]",
    "searchQuery" : "week",
    "searchInteractionURIs" : [
      "spotify:artist:1Xyo4u8uXC1ZmMpatF05PJ"
    ]
  },
  {
    "platform" : "ANDROID",
    "searchTime" : "2022-09-08T10:34:04.352Z[UTC]",
    "searchQuery" : "the hills",
    "searchInteractionURIs" : [
      "spotify:track:7fBv7CLKzipRk6EC6TWHOB",
      "spotify:track:34vrUDZCrL7xJgkfA2kZb0"
    ]
  },
  {
    "platform" : "ANDROID_ARM",
    "searchTime" : "2022-09-16T15:57:03.558Z[UTC]",
    "searchQuery" : "shagg",
    "searchInteractionURIs" : [
    ]
  },
  {
    "platform" : "ANDROID",
    "searchTime" : "2022-09-16T16:00:04.325Z[UTC]",
    "searchQuery" : "shagg",
    "searchInteractionURIs" : [
      "spotify:track:3WkibOpDF7cQ5xntM1epyf"
    ]
  },
  {
    "platform" : "ANDROID",
    "searchTime" : "2022-09-16T16:20:58.872Z[UTC]",
    "searchQuery" : "shagg",
    "searchInteractionURIs" : [
    ]
  },
  {
    "platform" : "ANDROID_ARM",
    "searchTime" : "2022-09-16T16:33:49.952Z[UTC]",
    "searchQuery" : "i",
    "searchInteractionURIs" : [
    ]
  },
  {
    "platform" : "ANDROID_ARM",
    "searchTime" : "2022-09-16T16:33:50.843Z[UTC]",
    "searchQuery" : "inde ",
    "searchInteractionURIs" : [
    ]
  },
  {
    "platform" : "ANDROID_ARM",
    "searchTime" : "2022-09-16T16:33:53.300Z[UTC]",
    "searchQuery" : "und",
    "searchInteractionURIs" : [
    ]
  },
  {
    "platform" : "ANDROID",
    "searchTime" : "2022-09-16T16:37:02.720Z[UTC]",
    "searchQuery" : "under",
    "searchInteractionURIs" : [
      "spotify:track:5IgjP7X4th6nMNDh4akUHb",
      "spotify:track:3qG3S4Ptt7EFCtKi5ZroG2",
      "spotify:track:5IgjP7X4th6nMNDh4akUHb",
      "spotify:track:4xqXAWeZjcJzusebKfs15L",
      "spotify:track:3qG3S4Ptt7EFCtKi5ZroG2",
      "spotify:track:0DyDSUyyfWeQ47MmG17pOG",
      "spotify:track:3BIdGR6Qev3ziJmiU5ymlq",
      "spotify:playlist:5UMkmerBNMUEEL9CW4kosc",
      "spotify:track:5IgjP7X4th6nMNDh4akUHb",
      "spotify:track:3qG3S4Ptt7EFCtKi5ZroG2",
      "spotify:track:4xqXAWeZjcJzusebKfs15L",
      "spotify:track:4xqXAWeZjcJzusebKfs15L"
    ]
  },
  {
    "platform" : "ANDROID_ARM",
    "searchTime" : "2022-09-16T16:41:24.714Z[UTC]",
    "searchQuery" : "of",
    "searchInteractionURIs" : [
    ]
  },
  {
    "platform" : "ANDROID",
    "searchTime" : "2022-09-16T16:44:34.717Z[UTC]",
    "searchQuery" : "often ",
    "searchInteractionURIs" : [
      "spotify:track:65RJRo9SZXbrjFnq1VS9Ev"
    ]
  },
  {
    "platform" : "ANDROID_ARM",
    "searchTime" : "2022-09-18T08:16:37.889Z[UTC]",
    "searchQuery" : "ter",
    "searchInteractionURIs" : [
    ]
  },
  {
    "platform" : "ANDROID",
    "searchTime" : "2022-09-18T08:19:43.160Z[UTC]",
    "searchQuery" : "dkdkd",
    "searchInteractionURIs" : [
    ]
  },
  {
    "platform" : "ANDROID",
    "searchTime" : "2022-09-18T08:19:50.783Z[UTC]",
    "searchQuery" : "tera bina",
    "searchInteractionURIs" : [
      "spotify:track:4FeczSomVWVyU4FW7xDeAI"
    ]
  },
  {
    "platform" : "ANDROID_ARM",
    "searchTime" : "2022-09-18T15:12:23.128Z[UTC]",
    "searchQuery" : "ter",
    "searchInteractionURIs" : [
    ]
  },
  {
    "platform" : "ANDROID_ARM",
    "searchTime" : "2022-09-18T15:12:25.715Z[UTC]",
    "searchQuery" : "mah",
    "searchInteractionURIs" : [
    ]
  },
  {
    "platform" : "ANDROID_ARM",
    "searchTime" : "2022-09-18T15:14:13.784Z[UTC]",
    "searchQuery" : "ter",
    "searchInteractionURIs" : [
    ]
  },
  {
    "platform" : "ANDROID",
    "searchTime" : "2022-09-18T15:14:44.603Z[UTC]",
    "searchQuery" : "o meri",
    "searchInteractionURIs" : [
      "spotify:track:4qVStkAhz8A61r7bfLqPvM"
    ]
  },
  {
    "platform" : "ANDROID",
    "searchTime" : "2022-09-18T15:15:25.115Z[UTC]",
    "searchQuery" : "a r ",
    "searchInteractionURIs" : [
      "spotify:artist:1mYsTxnqsietFxj1OgoGbG"
    ]
  },
  {
    "platform" : "ANDROID",
    "searchTime" : "2022-09-18T15:15:47.347Z[UTC]",
    "searchQuery" : "mah",
    "searchInteractionURIs" : [
      "spotify:track:7Czm0vv2sYL5z4P51KY66e"
    ]
  },
  {
    "platform" : "ANDROID",
    "searchTime" : "2022-09-18T15:17:23.569Z[UTC]",
    "searchQuery" : "tere",
    "searchInteractionURIs" : [
      "spotify:track:4FeczSomVWVyU4FW7xDeAI",
      "spotify:track:0fCQRUbk8LIQTdQYGNtGyv"
    ]
  },
  {
    "platform" : "ANDROID_ARM",
    "searchTime" : "2022-09-18T15:28:08.295Z[UTC]",
    "searchQuery" : "tere",
    "searchInteractionURIs" : [
    ]
  },
  {
    "platform" : "ANDROID_ARM",
    "searchTime" : "2022-09-18T15:30:32.134Z[UTC]",
    "searchQuery" : "tere",
    "searchInteractionURIs" : [
    ]
  },
  {
    "platform" : "ANDROID_ARM",
    "searchTime" : "2022-09-18T15:31:51.175Z[UTC]",
    "searchQuery" : "r",
    "searchInteractionURIs" : [
    ]
  },
  {
    "platform" : "ANDROID",
    "searchTime" : "2022-09-18T15:35:00.668Z[UTC]",
    "searchQuery" : "race",
    "searchInteractionURIs" : [
      "spotify:album:1Q5RHgCR1iKzaZzJurDKEK"
    ]
  },
  {
    "platform" : "ANDROID",
    "searchTime" : "2022-09-24T12:11:31.309Z[UTC]",
    "searchQuery" : "pl",
    "searchInteractionURIs" : [
      "spotify:track:4DpNNXFMMxQEKl7r0ykkWA"
    ]
  },
  {
    "platform" : "ANDROID",
    "searchTime" : "2022-09-24T12:11:35.870Z[UTC]",
    "searchQuery" : "car",
    "searchInteractionURIs" : [
      "spotify:track:0byPyCPX9mfGMiAGVZxasq"
    ]
  },
  {
    "platform" : "ANDROID",
    "searchTime" : "2022-09-30T14:12:42.465Z[UTC]",
    "searchQuery" : "bass booted ",
    "searchInteractionURIs" : [
      "spotify:playlist:5vRTUdBHXlnHPDfcRW8hDi"
    ]
  },
  {
    "platform" : "ANDROID",
    "searchTime" : "2022-09-30T14:23:45.821Z[UTC]",
    "searchQuery" : "stay",
    "searchInteractionURIs" : [
      "spotify:track:5HCyWlXZPP0y6Gqq8TgA20"
    ]
  },
  {
    "platform" : "ANDROID",
    "searchTime" : "2022-10-02T03:19:30.964Z[UTC]",
    "searchQuery" : "unh",
    "searchInteractionURIs" : [
      "spotify:track:3nqQXoyQOWXiESFLlDF1hG"
    ]
  },
  {
    "platform" : "ANDROID_ARM",
    "searchTime" : "2022-10-02T07:58:15.355Z[UTC]",
    "searchQuery" : "it ",
    "searchInteractionURIs" : [
    ]
  },
  {
    "platform" : "ANDROID",
    "searchTime" : "2022-10-02T08:01:42.967Z[UTC]",
    "searchQuery" : "it wasnt",
    "searchInteractionURIs" : [
      "spotify:track:3WkibOpDF7cQ5xntM1epyf"
    ]
  },
  {
    "platform" : "ANDROID",
    "searchTime" : "2022-10-02T08:39:13.377Z[UTC]",
    "searchQuery" : "pom",
    "searchInteractionURIs" : [
      "spotify:track:6fNhZRFEkBfgW39W3wKARJ"
    ]
  },
  {
    "platform" : "WEBPLAYER",
    "searchTime" : "2022-10-02T11:06:11.924Z[UTC]",
    "searchQuery" : "coffee ",
    "searchInteractionURIs" : [
    ]
  },
  {
    "platform" : "WEBPLAYER",
    "searchTime" : "2022-10-02T11:07:29.623Z[UTC]",
    "searchQuery" : "de",
    "searchInteractionURIs" : [
    ]
  },
  {
    "platform" : "ANDROID_ARM",
    "searchTime" : "2022-10-06T17:53:48.179Z[UTC]",
    "searchQuery" : "arca",
    "searchInteractionURIs" : [
    ]
  },
  {
    "platform" : "ANDROID_ARM",
    "searchTime" : "2022-10-06T17:53:48.378Z[UTC]",
    "searchQuery" : "arcad",
    "searchInteractionURIs" : [
    ]
  },
  {
    "platform" : "ANDROID",
    "searchTime" : "2022-10-06T17:57:15.493Z[UTC]",
    "searchQuery" : "arcade",
    "searchInteractionURIs" : [
      "spotify:track:1Xi84slp6FryDSCbzq4UCD"
    ]
  },
  {
    "platform" : "ANDROID",
    "searchTime" : "2022-10-06T17:57:21.705Z[UTC]",
    "searchQuery" : "ava",
    "searchInteractionURIs" : [
      "spotify:artist:4npEfmQ6YuiwW1GpUmaq3F"
    ]
  },
  {
    "platform" : "ANDROID_ARM",
    "searchTime" : "2022-10-06T17:57:54.646Z[UTC]",
    "searchQuery" : "arcade",
    "searchInteractionURIs" : [
    ]
  },
  {
    "platform" : "ANDROID_ARM",
    "searchTime" : "2022-10-06T17:59:27.571Z[UTC]",
    "searchQuery" : "o r",
    "searchInteractionURIs" : [
    ]
  },
  {
    "platform" : "ANDROID_ARM",
    "searchTime" : "2022-10-06T17:59:43.829Z[UTC]",
    "searchQuery" : "arcad",
    "searchInteractionURIs" : [
    ]
  },
  {
    "platform" : "ANDROID",
    "searchTime" : "2022-10-06T18:01:13.946Z[UTC]",
    "searchQuery" : "arcade",
    "searchInteractionURIs" : [
      "spotify:track:4Ld4kbKo1eOzToQ0P8JA0V",
      "spotify:track:6ff4g8ZwoBZit3AfvROSMN"
    ]
  },
  {
    "platform" : "ANDROID",
    "searchTime" : "2022-10-06T18:02:54.612Z[UTC]",
    "searchQuery" : "o re",
    "searchInteractionURIs" : [
      "spotify:track:7cWnks0lsRtpAi87COOiXK"
    ]
  },
  {
    "platform" : "ANDROID",
    "searchTime" : "2022-10-06T18:03:10.908Z[UTC]",
    "searchQuery" : "arcade",
    "searchInteractionURIs" : [
      "spotify:track:4Ld4kbKo1eOzToQ0P8JA0V",
      "spotify:track:06HgCgcs0TRqwDt8xejqqt",
      "spotify:track:2NcXwYSuIUUwcsOCPLfHQ4",
      "spotify:track:1Xi84slp6FryDSCbzq4UCD"
    ]
  },
  {
    "platform" : "ANDROID",
    "searchTime" : "2022-10-06T18:23:21.885Z[UTC]",
    "searchQuery" : "ordi",
    "searchInteractionURIs" : [
      "spotify:track:6tMdpUXfT70TD6Eh3XfB1p"
    ]
  },
  {
    "platform" : "WEBPLAYER",
    "searchTime" : "2022-10-07T12:39:59.861Z[UTC]",
    "searchQuery" : "pi",
    "searchInteractionURIs" : [
    ]
  },
  {
    "platform" : "WEBPLAYER",
    "searchTime" : "2022-10-07T12:40:03.759Z[UTC]",
    "searchQuery" : "piya ",
    "searchInteractionURIs" : [
    ]
  },
  {
    "platform" : "ANDROID_ARM",
    "searchTime" : "2022-10-08T09:08:58.288Z[UTC]",
    "searchQuery" : "p",
    "searchInteractionURIs" : [
    ]
  },
  {
    "platform" : "ANDROID",
    "searchTime" : "2022-10-08T09:12:26.970Z[UTC]",
    "searchQuery" : "pi",
    "searchInteractionURIs" : [
      "spotify:track:5a11x5PUFvJEadMRqtNtTr"
    ]
  },
  {
    "platform" : "ANDROID",
    "searchTime" : "2022-10-08T16:55:41.284Z[UTC]",
    "searchQuery" : "wo ladki",
    "searchInteractionURIs" : [
      "spotify:track:4A15QHUraE6rrP0Co6S3lG"
    ]
  },
  {
    "platform" : "WEBPLAYER",
    "searchTime" : "2022-10-09T04:34:43.987Z[UTC]",
    "searchQuery" : "bankai",
    "searchInteractionURIs" : [
    ]
  },
  {
    "platform" : "ANDROID_ARM",
    "searchTime" : "2022-10-11T11:34:12.827Z[UTC]",
    "searchQuery" : "ke",
    "searchInteractionURIs" : [
    ]
  },
  {
    "platform" : "ANDROID",
    "searchTime" : "2022-10-11T11:37:40.896Z[UTC]",
    "searchQuery" : "ksi",
    "searchInteractionURIs" : [
      "spotify:artist:1nzgtKYFckznkcVMR3Gg4z"
    ]
  },
  {
    "platform" : "WEBPLAYER",
    "searchTime" : "2022-10-11T11:55:12.714Z[UTC]",
    "searchQuery" : "pp",
    "searchInteractionURIs" : [
    ]
  },
  {
    "platform" : "ANDROID",
    "searchTime" : "2022-10-11T13:47:21.485Z[UTC]",
    "searchQuery" : "phao",
    "searchInteractionURIs" : [
      "spotify:track:4SUk1ZTtA6OC120afxrpRZ",
      "spotify:track:4SUk1ZTtA6OC120afxrpRZ",
      "spotify:track:4SUk1ZTtA6OC120afxrpRZ",
      "spotify:playlist:0Ta67BuBy5xdmg3eV9SsQ5",
      "spotify:track:6h8ZafZJnbIpCaEHnzZYRF",
      "spotify:track:7v4VCRTRHfictYWdmSkYma"
    ]
  },
  {
    "platform" : "ANDROID",
    "searchTime" : "2022-10-11T16:23:06.377Z[UTC]",
    "searchQuery" : "jail house rock",
    "searchInteractionURIs" : [
      "spotify:track:4gphxUgq0JSFv2BCLhNDiE"
    ]
  },
  {
    "platform" : "ANDROID",
    "searchTime" : "2022-10-14T14:49:40.684Z[UTC]",
    "searchQuery" : "violet",
    "searchInteractionURIs" : [
      "spotify:track:3zb9k8UUuKz5tYmKJvNqQA"
    ]
  },
  {
    "platform" : "ANDROID",
    "searchTime" : "2022-10-15T09:58:32.346Z[UTC]",
    "searchQuery" : "hymn for the weekend",
    "searchInteractionURIs" : [
      "spotify:track:3RiPr603aXAoi4GHyXx0uy"
    ]
  },
  {
    "platform" : "ANDROID_ARM",
    "searchTime" : "2022-10-15T14:23:43.057Z[UTC]",
    "searchQuery" : "ma",
    "searchInteractionURIs" : [
    ]
  },
  {
    "platform" : "ANDROID_ARM",
    "searchTime" : "2022-10-15T14:23:48.008Z[UTC]",
    "searchQuery" : "mat",
    "searchInteractionURIs" : [
    ]
  },
  {
    "platform" : "ANDROID_ARM",
    "searchTime" : "2022-10-15T14:23:48.181Z[UTC]",
    "searchQuery" : "ma",
    "searchInteractionURIs" : [
    ]
  },
  {
    "platform" : "ANDROID_ARM",
    "searchTime" : "2022-10-15T14:23:51.887Z[UTC]",
    "searchQuery" : "magic in ",
    "searchInteractionURIs" : [
    ]
  },
  {
    "platform" : "ANDROID_ARM",
    "searchTime" : "2022-10-15T14:23:53.662Z[UTC]",
    "searchQuery" : "magic in my bo",
    "searchInteractionURIs" : [
    ]
  },
  {
    "platform" : "ANDROID_ARM",
    "searchTime" : "2022-10-15T14:24:22.551Z[UTC]",
    "searchQuery" : "magic in my bones",
    "searchInteractionURIs" : [
    ]
  },
  {
    "platform" : "ANDROID",
    "searchTime" : "2022-10-15T14:27:21.610Z[UTC]",
    "searchQuery" : "magic in my bones",
    "searchInteractionURIs" : [
      "spotify:track:0HqZX76SFLDz2aW8aiqi7G"
    ]
  },
  {
    "platform" : "ANDROID",
    "searchTime" : "2022-10-16T14:30:56.801Z[UTC]",
    "searchQuery" : "c",
    "searchInteractionURIs" : [
    ]
  },
  {
    "platform" : "ANDROID",
    "searchTime" : "2022-10-16T16:00:35.411Z[UTC]",
    "searchQuery" : "the weekend",
    "searchInteractionURIs" : [
      "spotify:artist:1Xyo4u8uXC1ZmMpatF05PJ"
    ]
  },
  {
    "platform" : "ANDROID_ARM",
    "searchTime" : "2022-10-16T16:00:59.944Z[UTC]",
    "searchQuery" : "the weekend",
    "searchInteractionURIs" : [
    ]
  },
  {
    "platform" : "ANDROID_ARM",
    "searchTime" : "2022-10-16T16:14:43.265Z[UTC]",
    "searchQuery" : "ha",
    "searchInteractionURIs" : [
    ]
  },
  {
    "platform" : "ANDROID",
    "searchTime" : "2022-10-16T16:18:11.297Z[UTC]",
    "searchQuery" : "happy",
    "searchInteractionURIs" : [
    ]
  },
  {
    "platform" : "ANDROID",
    "searchTime" : "2022-10-19T11:11:01.613Z[UTC]",
    "searchQuery" : "carel",
    "searchInteractionURIs" : [
      "spotify:track:4jDmJ51x1o9NZB5Nxxc7gY"
    ]
  },
  {
    "platform" : "ANDROID_ARM",
    "searchTime" : "2022-10-22T18:00:26.385Z[UTC]",
    "searchQuery" : "gol",
    "searchInteractionURIs" : [
    ]
  },
  {
    "platform" : "ANDROID",
    "searchTime" : "2022-10-22T18:03:54.424Z[UTC]",
    "searchQuery" : "golde",
    "searchInteractionURIs" : [
      "spotify:track:4yNk9iz9WVJikRFle3XEvn"
    ]
  },
  {
    "platform" : "",
    "searchTime" : "2022-10-23T00:11:12.343Z[UTC]",
    "searchQuery" : "golde",
    "searchInteractionURIs" : [
    ]
  },
  {
    "platform" : "",
    "searchTime" : "2022-10-23T00:14:21.406Z[UTC]",
    "searchQuery" : "golde",
    "searchInteractionURIs" : [
    ]
  },
  {
    "platform" : "ANDROID_ARM",
    "searchTime" : "2022-10-23T00:14:21.504Z[UTC]",
    "searchQuery" : "golde",
    "searchInteractionURIs" : [
    ]
  },
  {
    "platform" : "",
    "searchTime" : "2022-10-23T00:14:31.492Z[UTC]",
    "searchQuery" : "golde",
    "searchInteractionURIs" : [
    ]
  },
  {
    "platform" : "ANDROID",
    "searchTime" : "2022-10-23T00:14:40.165Z[UTC]",
    "searchQuery" : "golde",
    "searchInteractionURIs" : [
      "spotify:track:4yNk9iz9WVJikRFle3XEvn"
    ]
  },
  {
    "platform" : "ANDROID_ARM",
    "searchTime" : "2022-10-26T13:01:03.915Z[UTC]",
    "searchQuery" : "s",
    "searchInteractionURIs" : [
    ]
  },
  {
    "platform" : "ANDROID_ARM",
    "searchTime" : "2022-10-26T13:01:07.097Z[UTC]",
    "searchQuery" : "shamo ",
    "searchInteractionURIs" : [
    ]
  },
  {
    "platform" : "ANDROID_ARM",
    "searchTime" : "2022-10-26T13:01:08.692Z[UTC]",
    "searchQuery" : "shamo subh",
    "searchInteractionURIs" : [
    ]
  },
  {
    "platform" : "ANDROID",
    "searchTime" : "2022-10-26T13:04:25.543Z[UTC]",
    "searchQuery" : "tera z",
    "searchInteractionURIs" : [
      "spotify:track:0OfaueVeRebAfWsAHajj3z"
    ]
  },
  {
    "platform" : "ANDROID",
    "searchTime" : "2022-10-26T13:09:15.145Z[UTC]",
    "searchQuery" : "sanam re ",
    "searchInteractionURIs" : [
      "spotify:track:0CVfovmUv7BnemOyTtOcbL"
    ]
  },
  {
    "platform" : "ANDROID",
    "searchTime" : "2022-10-26T13:14:18.225Z[UTC]",
    "searchQuery" : "dekhte",
    "searchInteractionURIs" : [
      "spotify:track:1scGwkyXNCl19wrBDhnAWg"
    ]
  },
  {
    "platform" : "ANDROID",
    "searchTime" : "2022-10-26T13:19:33.446Z[UTC]",
    "searchQuery" : "azar",
    "searchInteractionURIs" : [
      "spotify:album:0V1JQaeLB033XjgS7JqNbP"
    ]
  },
  {
    "platform" : "ANDROID",
    "searchTime" : "2022-10-26T13:44:42.999Z[UTC]",
    "searchQuery" : "pehli",
    "searchInteractionURIs" : [
      "spotify:track:17opN752ZQpNuoptelsNQ1",
      "spotify:track:4Tkb7zsDmsawB7S5TpKQV1"
    ]
  },
  {
    "platform" : "ANDROID_ARM",
    "searchTime" : "2022-10-26T13:54:42.959Z[UTC]",
    "searchQuery" : "pehli",
    "searchInteractionURIs" : [
    ]
  },
  {
    "platform" : "ANDROID_ARM",
    "searchTime" : "2022-10-26T13:55:25.218Z[UTC]",
    "searchQuery" : "nau",
    "searchInteractionURIs" : [
    ]
  },
  {
    "platform" : "ANDROID_ARM",
    "searchTime" : "2022-10-26T13:55:26.784Z[UTC]",
    "searchQuery" : "nai",
    "searchInteractionURIs" : [
    ]
  },
  {
    "platform" : "ANDROID",
    "searchTime" : "2022-10-26T13:59:11.254Z[UTC]",
    "searchQuery" : "my ",
    "searchInteractionURIs" : [
      "spotify:album:5O06EpSaMFlN0DKqF8hRnK",
      "spotify:track:0qOnSQQF0yzuPWsXrQ9paz"
    ]
  },
  {
    "platform" : "ANDROID_ARM",
    "searchTime" : "2022-10-26T14:50:13.635Z[UTC]",
    "searchQuery" : "mee",
    "searchInteractionURIs" : [
    ]
  },
  {
    "platform" : "ANDROID_ARM",
    "searchTime" : "2022-10-26T14:50:14.793Z[UTC]",
    "searchQuery" : "meer",
    "searchInteractionURIs" : [
    ]
  },
  {
    "platform" : "ANDROID",
    "searchTime" : "2022-10-26T14:53:44.107Z[UTC]",
    "searchQuery" : "mere",
    "searchInteractionURIs" : [
      "spotify:track:4sNiMTu47WkUgW87qeUlWF"
    ]
  },
  {
    "platform" : "ANDROID_ARM",
    "searchTime" : "2022-10-26T14:55:25.017Z[UTC]",
    "searchQuery" : "a",
    "searchInteractionURIs" : [
    ]
  },
  {
    "platform" : "ANDROID",
    "searchTime" : "2022-10-26T14:59:03.953Z[UTC]",
    "searchQuery" : "aj",
    "searchInteractionURIs" : [
      "spotify:album:13t8iDyl1vkhPcO3Zl29a9"
    ]
  },
  {
    "platform" : "ANDROID",
    "searchTime" : "2022-10-26T14:59:12.478Z[UTC]",
    "searchQuery" : "javed",
    "searchInteractionURIs" : [
      "spotify:artist:4W91bbPB2CTSsHwt7eqNl7"
    ]
  },
  {
    "platform" : "ANDROID",
    "searchTime" : "2022-10-28T04:58:28.949Z[UTC]",
    "searchQuery" : "arrdee",
    "searchInteractionURIs" : [
      "spotify:artist:7m0BsF0t3K9WQFgKoPejfk"
    ]
  },
  {
    "platform" : "ANDROID",
    "searchTime" : "2022-10-28T04:59:06.174Z[UTC]",
    "searchQuery" : "flo",
    "searchInteractionURIs" : [
      "spotify:artist:0jnsk9HBra6NMjO2oANoPY"
    ]
  },
  {
    "platform" : "ANDROID_ARM",
    "searchTime" : "2022-10-29T08:34:43.478Z[UTC]",
    "searchQuery" : "n",
    "searchInteractionURIs" : [
    ]
  },
  {
    "platform" : "ANDROID_ARM",
    "searchTime" : "2022-10-29T08:35:23.541Z[UTC]",
    "searchQuery" : "h",
    "searchInteractionURIs" : [
    ]
  },
  {
    "platform" : "ANDROID_ARM",
    "searchTime" : "2022-10-29T08:35:28.335Z[UTC]",
    "searchQuery" : "a",
    "searchInteractionURIs" : [
    ]
  },
  {
    "platform" : "ANDROID",
    "searchTime" : "2022-10-29T08:38:11.971Z[UTC]",
    "searchQuery" : "nara",
    "searchInteractionURIs" : [
    ]
  },
  {
    "platform" : "ANDROID",
    "searchTime" : "2022-10-29T08:38:50.316Z[UTC]",
    "searchQuery" : "hi",
    "searchInteractionURIs" : [
    ]
  },
  {
    "platform" : "ANDROID",
    "searchTime" : "2022-10-29T08:38:56.887Z[UTC]",
    "searchQuery" : "anime",
    "searchInteractionURIs" : [
    ]
  },
  {
    "platform" : "ANDROID",
    "searchTime" : "2022-10-30T10:12:25.564Z[UTC]",
    "searchQuery" : "charlie",
    "searchInteractionURIs" : [
      "spotify:artist:6VuMaDnrHyPL1p4EHjYLi7"
    ]
  },
  {
    "platform" : "ANDROID",
    "searchTime" : "2022-10-30T10:12:34.539Z[UTC]",
    "searchQuery" : "loser",
    "searchInteractionURIs" : [
      "spotify:track:1BCXUbnU0486n4eeTyyVIj"
    ]
  },
  {
    "platform" : "WEBPLAYER",
    "searchTime" : "2022-11-01T11:19:00.340Z[UTC]",
    "searchQuery" : "gasoli",
    "searchInteractionURIs" : [
    ]
  }
]