{
  "tracks": [
    {
      "artist": "Miura Jam",
      "album": "We Are (One Piece)",
      "track": "We Are (One Piece)",
      "uri": "spotify:track:74zQNNfQI2sEsreJCJtndS"
    },
    {
      "artist": "Sub Urban",
      "album": "INFERNO",
      "track": "INFERNO",
      "uri": "spotify:track:7aonAWn0J0AJ47ZU9WHCXC"
    },
    {
      "artist": "Lil Nas X",
      "album": "HOLIDAY",
      "track": "HOLIDAY",
      "uri": "spotify:track:6zFMeegAMYQo0mt8rXtrli"
    },
    {
      "artist": "Vance Joy",
      "album": "Dream Your Life Away",
      "track": "Riptide",
      "uri": "spotify:track:7yq4Qj7cqayVTp3FF9CWbm"
    },
    {
      "artist": "Future",
      "album": "Mask Off",
      "track": "Mask Off - Marshmello Remix",
      "uri": "spotify:track:5rK0pyEObO4DBFLy682QvR"
    },
    {
      "artist": "Marshmello",
      "album": "FRIENDS",
      "track": "FRIENDS",
      "uri": "spotify:track:08bNPGLD8AhKpnnERrAc6G"
    },
    {
      "artist": "Charlie Puth",
      "album": "Voicenotes",
      "track": "Attention",
      "uri": "spotify:track:5cF0dROlMOK5uNZtivgu50"
    },
    {
      "artist": "Official HIGE DANdism",
      "album": "Cry Baby",
      "track": "Cry Baby",
      "uri": "spotify:track:3IDF7N86lrcWaJEt9C1gbS"
    },
    {
      "artist": "Nathan Evans",
      "album": "Wellerman",
      "track": "Wellerman - Sea Shanty",
      "uri": "spotify:track:54OBgO0Xwu20Jak9TMXbR7"
    },
    {
      "artist": "Maroon 5",
      "album": "Throwback Hits",
      "track": "Cold",
      "uri": "spotify:track:3f4Ziw5igwW2CHJba3vE42"
    },
    {
      "artist": "Pusher",
      "album": "Clear",
      "track": "Clear - Shawn Wasabi Remix",
      "uri": "spotify:track:1AP7yzd4qSdKVcupPC827R"
    },
    {
      "artist": "Coolio",
      "album": "Gangsta's Paradise",
      "track": "Gangsta's Paradise",
      "uri": "spotify:track:1DIXPcTDzTj8ZMHt3PDt8p"
    },
    {
      "artist": "Tom Walker",
      "album": "What a Time To Be Alive",
      "track": "Leave a Light On",
      "uri": "spotify:track:4iVVU8DyQvOVsKafv3KWIF"
    },
    {
      "artist": "Egzod",
      "album": "Royalty",
      "track": "Royalty",
      "uri": "spotify:track:022gtO2qA9EwjWrXu7OiVt"
    },
    {
      "artist": "Iyaz",
      "album": "Replay",
      "track": "Replay",
      "uri": "spotify:track:4E5P1XyAFtrjpiIxkydly4"
    },
    {
      "artist": "Tai Verdes",
      "album": "A-O-K",
      "track": "A-O-K",
      "uri": "spotify:track:4CbrNGvwVjneG8Nk9YQqMR"
    },
    {
      "artist": "Gotye",
      "album": "Making Mirrors",
      "track": "Somebody That I Used To Know",
      "uri": "spotify:track:1qDrWA6lyx8cLECdZE7TV7"
    },
    {
      "artist": "Fall Out Boy",
      "album": "American Beauty/American Psycho",
      "track": "Centuries",
      "uri": "spotify:track:04aAxqtGp5pv12UXAg4pkq"
    },
    {
      "artist": "Apollo Fresh",
      "album": "JoJo Pose",
      "track": "JoJo Pose",
      "uri": "spotify:track:4dPVmeisPfQrLcjx0Wz1KW"
    },
    {
      "artist": "AJR",
      "album": "OK ORCHESTRA",
      "track": "World's Smallest Violin",
      "uri": "spotify:track:68EkhVWIeULhHxcbi1QhzK"
    },
    {
      "artist": "Stephen Sanchez",
      "album": "Until I Found You",
      "track": "Until I Found You",
      "uri": "spotify:track:0T5iIrXA4p5GsubkhuBIKV"
    },
    {
      "artist": "The Weeknd",
      "album": "Often",
      "track": "Often - Kygo Remix",
      "uri": "spotify:track:27NV2KxoQ8WuLMqlTDI61F"
    },
    {
      "artist": "Hiboky",
      "album": "Exil",
      "track": "Exil",
      "uri": "spotify:track:39pMuJ3ShxDqb7bBIAXSYG"
    },
    {
      "artist": "Alec Benjamin",
      "album": "Narrated For You",
      "track": "Let Me Down Slowly",
      "uri": "spotify:track:2qxmye6gAegTMjLKEBoR3d"
    },
    {
      "artist": "Soft Q",
      "album": "No Idea Bass Boosted (Slowed)",
      "track": "No Idea Bass Boosted (Slowed)",
      "uri": "spotify:track:7bZaYgGNjTPlRp3uQ7RapJ"
    },
    {
      "artist": "Eminem",
      "album": "Kamikaze",
      "track": "Venom - Music From The Motion Picture",
      "uri": "spotify:track:2SL6oP2YAEQbqsrkOzRGO4"
    },
    {
      "artist": "Hiko",
      "album": "Wait a Minute! (Sped Up) - I Think I Left My Consciousness in the 6Th Dimension",
      "track": "Wait a Minute! (Sped Up) - I Think I Left My Consciousness in the 6Th Dimension",
      "uri": "spotify:track:78jmn9mXdW3wf64j5l0VHl"
    },
    {
      "artist": "Panic! At The Disco",
      "album": "Pray for the Wicked",
      "track": "High Hopes",
      "uri": "spotify:track:1rqqCSm0Qe4I9rUvWncaom"
    },
    {
      "artist": "Coffin EDM",
      "album": "Heat Waves (8D Slowed)",
      "track": "Heat Waves (8D Slowed)",
      "uri": "spotify:track:7LzaSJEdjitIse6nafGQZL"
    },
    {
      "artist": "Foreign",
      "album": "İdfc",
      "track": "İdfc - Slowed+Reverb",
      "uri": "spotify:track:2B1Gv0TuQepwsPsNYdv5eT"
    },
    {
      "artist": "Pedro Capó",
      "album": "Calma",
      "track": "Calma - Remix",
      "uri": "spotify:track:5iwz1NiezX7WWjnCgY5TH4"
    },
    {
      "artist": "Lil Nas X",
      "album": "7 EP",
      "track": "Old Town Road",
      "uri": "spotify:track:0F7FA14euOIX8KcbEturGH"
    },
    {
      "artist": "Alan Walker",
      "album": "The Spectre",
      "track": "The Spectre",
      "uri": "spotify:track:2DGa7iaidT5s0qnINlwMjJ"
    },
    {
      "artist": "Lukas Graham",
      "album": "Lukas Graham",
      "track": "7 Years",
      "uri": "spotify:track:5kqIPrATaCc2LqxVWzQGbk"
    },
    {
      "artist": "Atif Aslam",
      "album": "Satyameva Jayate",
      "track": "Paniyon Sa",
      "uri": "spotify:track:7tl1En7BCSnD6Qb5OGlEIE"
    },
    {
      "artist": "Hiko",
      "album": "Under the Influence (Sped Up) - Your Body Language Speaks to Me",
      "track": "Under the Influence (Sped Up) - Your Body Language Speaks to Me",
      "uri": "spotify:track:3qG3S4Ptt7EFCtKi5ZroG2"
    },
    {
      "artist": "Atif Aslam",
      "album": "Bajrangi Bhaijaan",
      "track": "Tu Chahiye",
      "uri": "spotify:track:3aaiAWCet6sbfOfLSn3g7i"
    },
    {
      "artist": "Daddy Yankee",
      "album": "Con Calma",
      "track": "Con Calma",
      "uri": "spotify:track:5w9c2J52mkdntKOmRLeM2m"
    },
    {
      "artist": "Jonas Brothers",
      "album": "Happiness Begins",
      "track": "Cool",
      "uri": "spotify:track:7yfi8B8opXjnRh4VZnOkz9"
    },
    {
      "artist": "Surf Mesa",
      "album": "ily (i love you baby) (feat. Emilee)",
      "track": "ily (i love you baby) (feat. Emilee)",
      "uri": "spotify:track:62aP9fBQKYKxi7PDXwcUAS"
    },
    {
      "artist": "Ed Sheeran",
      "album": "÷",
      "track": "Shape of You",
      "uri": "spotify:track:7qiZfU4dY1lWllzX7mPBI3"
    },
    {
      "artist": "Sia",
      "album": "This Is Acting",
      "track": "Unstoppable",
      "uri": "spotify:track:2J2Z1SkXYghSajLibnQHOa"
    },
    {
      "artist": "BLACKPINK",
      "album": "KILL THIS LOVE",
      "track": "KILL THIS LOVE - JP Ver.",
      "uri": "spotify:track:3mpGXkkjhY8K5C9OsaCMBo"
    },
    {
      "artist": "Will Smith",
      "album": "Aladdin",
      "track": "Prince Ali",
      "uri": "spotify:track:1Pt2STlAgfB1CiEV8mf3CN"
    },
    {
      "artist": "Neeraj Shridhar",
      "album": "Housefull 2",
      "track": "Papa Toh Band Bajaye",
      "uri": "spotify:track:4AmoNdoOKJTbtVYM5gqama"
    },
    {
      "artist": "K'NAAN",
      "album": "Troubadour",
      "track": "Bang Bang",
      "uri": "spotify:track:61YzdCCBPM5Pc7lIiD5i8C"
    },
    {
      "artist": "Ellie Goulding",
      "album": "Fifty Shades Freed",
      "track": "Love Me Like You Do",
      "uri": "spotify:track:0Cy7wt6IlRfBPHXXjmZbcP"
    },
    {
      "artist": "Benny Dayal",
      "album": "Race 2",
      "track": "Lat Lag Gayee",
      "uri": "spotify:track:5XsoDbDt98b0FkFLOhsJuS"
    },
    {
      "artist": "Vicetone",
      "album": "Astronomia",
      "track": "Astronomia",
      "uri": "spotify:track:3hWfKBt3n7j1xqIy6LA5ve"
    },
    {
      "artist": "Adin Ross Freestyle",
      "album": "I Got The Strap (freestyle)",
      "track": "I Got The Strap (freestyle)",
      "uri": "spotify:track:6qNjm2ZDTllXGRLpsI2e0v"
    },
    {
      "artist": "AURORA",
      "album": "All My Demons Greeting Me As A Friend",
      "track": "Runaway",
      "uri": "spotify:track:1v1oIWf2Xgh54kIWuKsDf6"
    },
    {
      "artist": "Coyote Theory",
      "album": "Color",
      "track": "This Side of Paradise",
      "uri": "spotify:track:79EkGysjP2dL5GdpeQjRxT"
    },
    {
      "artist": "omgkirby",
      "album": "slowmgkirby",
      "track": "sweater weather - slowed + reverb",
      "uri": "spotify:track:1RaqEndh0dNlG9GnNRVOuS"
    },
    {
      "artist": "Imran Khan",
      "album": "Satisfya",
      "track": "Satisfya",
      "uri": "spotify:track:6HGoVbCUr63SgU3TjxEVj6"
    },
    {
      "artist": "Selva",
      "album": "Parado no Bailão",
      "track": "Parado no Bailão - Remix",
      "uri": "spotify:track:7jYpO87hSwrzVhKQ1xhg4r"
    },
    {
      "artist": "Imagine Dragons",
      "album": "Enemy (with JID)",
      "track": "Enemy (with JID) - from the series Arcane League of Legends",
      "uri": "spotify:track:1r9xUipOqoNwggBpENDsvJ"
    },
    {
      "artist": "Dua Lipa",
      "album": "Future Nostalgia",
      "track": "Levitating (feat. DaBaby)",
      "uri": "spotify:track:0v2boHmWtxMTD2REGN8MbK"
    },
    {
      "artist": "Marwa Loud",
      "album": "Loud",
      "track": "Bad boy",
      "uri": "spotify:track:0RE4crnT3jRms1xxVlEZx2"
    },
    {
      "artist": "KSI",
      "album": "Not Over Yet (feat. Tom Grennan)",
      "track": "Not Over Yet (feat. Tom Grennan)",
      "uri": "spotify:track:3t2Hx5FPih5lKaxJFd6bRE"
    },
    {
      "artist": "Zack Knight",
      "album": "Bom Diggy Diggy (From \"Sonu Ke Titu Ki Sweety\")",
      "track": "Bom Diggy Diggy",
      "uri": "spotify:track:6qCNaRRr5xJALfNJvh0NAw"
    },
    {
      "artist": "OTP",
      "album": "BM (London View)",
      "track": "BM (London View)",
      "uri": "spotify:track:2swRdG3vAk5bYBR3oSf1cg"
    },
    {
      "artist": "Berioska",
      "album": "Hikaru Nara (Shigatsu Wa Kimi No Uso) [feat. Animelmack]",
      "track": "Hikaru Nara (Shigatsu Wa Kimi No Uso) [feat. Animelmack]",
      "uri": "spotify:track:4TRV1GJuTP8bUs3lhe50r2"
    },
    {
      "artist": "KSI",
      "album": "Holiday",
      "track": "Holiday",
      "uri": "spotify:track:3G2omDJ5ZGYSiJV3UOOPw0"
    },
    {
      "artist": "Gudrap",
      "album": "No Idea Bass Boosted (Slowed)",
      "track": "No Idea Bass Boosted (Slowed)",
      "uri": "spotify:track:16sYehIH3HbAIpe5UWXxJp"
    },
    {
      "artist": "Chris Brown",
      "album": "Indigo (Extended)",
      "track": "Under The Influence",
      "uri": "spotify:track:5IgjP7X4th6nMNDh4akUHb"
    },
    {
      "artist": "J Balvin",
      "album": "Mi Gente",
      "track": "Mi Gente",
      "uri": "spotify:track:4ipnJyDU3Lq15qBAYNqlqK"
    },
    {
      "artist": "NEFFEX",
      "album": "Destiny: The Collection",
      "track": "Destiny",
      "uri": "spotify:track:0oW5yI88PqLgQXGY60E4ea"
    },
    {
      "artist": "CHROMANCE",
      "album": "Wrap Me In Plastic",
      "track": "Wrap Me In Plastic - Marcus Layton Radio Edit",
      "uri": "spotify:track:3n2P3ipLt5mPFVaM0fJHNR"
    },
    {
      "artist": "ZAYN",
      "album": "Dusk Till Dawn (feat. Sia)",
      "track": "Dusk Till Dawn (feat. Sia) - Radio Edit",
      "uri": "spotify:track:1j4kHkkpqZRBwE0A4CN4Yv"
    },
    {
      "artist": "Juice WRLD",
      "album": "Goodbye & Good Riddance",
      "track": "Lucid Dreams",
      "uri": "spotify:track:285pBltuF7vW8TeWk8hdRR"
    },
    {
      "artist": "League of Legends",
      "album": "Legends Never Die (Remix)",
      "track": "Legends Never Die - (Remix)",
      "uri": "spotify:track:66YtIqT0kN4958EXnCnAmE"
    },
    {
      "artist": "Måneskin",
      "album": "Chosen",
      "track": "Beggin'",
      "uri": "spotify:track:3Wrjm47oTz2sjIgck11l5e"
    },
    {
      "artist": "Sia",
      "album": "Snowman",
      "track": "Snowman - Slowed Down",
      "uri": "spotify:track:6Ob0vkoBVpja3yLQkjCdpK"
    },
    {
      "artist": "Sia",
      "album": "Everyday Is Christmas",
      "track": "Snowman",
      "uri": "spotify:track:7uoFMmxln0GPXQ0AcCBXRq"
    },
    {
      "artist": "Lewis Capaldi",
      "album": "Divinely Uninspired To A Hellish Extent",
      "track": "Someone You Loved",
      "uri": "spotify:track:7qEHsqek33rTcFNT9PFqLf"
    },
    {
      "artist": "DJ Snake",
      "album": "Carte Blanche",
      "track": "Magenta Riddim",
      "uri": "spotify:track:3dsyqPDiWYYilRZNBxgxHE"
    },
    {
      "artist": "Alexandra Stan",
      "album": "Saxobeats",
      "track": "Mr. Saxobeat - Radio Edit",
      "uri": "spotify:track:3LWDPEXEaLBRGNLbdcbwBR"
    },
    {
      "artist": "Avicii",
      "album": "The Days / Nights",
      "track": "The Nights",
      "uri": "spotify:track:0ct6r3EGTcMLPtrXHDvVjc"
    },
    {
      "artist": "Powfu",
      "album": "death bed (coffee for your head)",
      "track": "death bed (coffee for your head)",
      "uri": "spotify:track:7eJMfftS33KTjuF7lTsMCx"
    },
    {
      "artist": "The Living Tombstone",
      "album": "My Ordinary Life",
      "track": "My Ordinary Life",
      "uri": "spotify:track:6tMdpUXfT70TD6Eh3XfB1p"
    },
    {
      "artist": "Hentai Xander",
      "album": "in heat.",
      "track": "in heat.",
      "uri": "spotify:track:6T3sH1EuBMijU1MHe2WFJt"
    },
    {
      "artist": "Shawn Mendes",
      "album": "Handwritten",
      "track": "Stitches",
      "uri": "spotify:track:3zkWCteF82vJwv0hRLba76"
    },
    {
      "artist": "dj 6rb",
      "album": "Oh Nanana",
      "track": "Oh Nanana - Remix",
      "uri": "spotify:track:69PqVX29aZhDGFlG2SKxFy"
    },
    {
      "artist": "Lil Nas X",
      "album": "MONTERO (Call Me By Your Name)",
      "track": "MONTERO (Call Me By Your Name) - SATAN'S EXTENDED VERSION",
      "uri": "spotify:track:7JvmJDDMZMvWaWARsWK9Da"
    },
    {
      "artist": "Indila",
      "album": "Mini World",
      "track": "Love Story",
      "uri": "spotify:track:6nGeLlakfzlBcFdZXteDq7"
    },
    {
      "artist": "ERS",
      "album": "Hey Mama",
      "track": "Hey Mama",
      "uri": "spotify:track:5O3XhyC6PzrUy7j2msQTKY"
    },
    {
      "artist": "Charlie Puth",
      "album": "Light Switch",
      "track": "Light Switch",
      "uri": "spotify:track:1BSMpVGWs3v5BZKnAQziAc"
    },
    {
      "artist": "Sheck Wes",
      "album": "MUDBOY",
      "track": "Mo Bamba",
      "uri": "spotify:track:1xzBco0xcoJEDXktl7Jxrr"
    },
    {
      "artist": "Armin van Buuren",
      "album": "Blah Blah Blah",
      "track": "Blah Blah Blah - Dmitriy Mityukhin '6 Underground' Edit",
      "uri": "spotify:track:4gwc4MohsQEX9sAZh1K7Tw"
    },
    {
      "artist": "Flo Rida",
      "album": "Mail on Sunday",
      "track": "Low (feat. T-Pain)",
      "uri": "spotify:track:0CAfXk7DXMnon4gLudAp7J"
    },
    {
      "artist": "Otilia",
      "album": "Bilionera",
      "track": "Bilionera - Radio Edit",
      "uri": "spotify:track:48fKgzfvTU4U7eyRtIYaHP"
    },
    {
      "artist": "Demi Lovato",
      "album": "Demi",
      "track": "Heart Attack",
      "uri": "spotify:track:1V6gIisPpYqgFeWbMLI0bA"
    },
    {
      "artist": "OTP",
      "album": "London View (Remix)",
      "track": "London View (Remix)",
      "uri": "spotify:track:0UPZYZghuk0ShJKrEiZ5jv"
    },
    {
      "artist": "Imagine Dragons",
      "album": "Evolve",
      "track": "Believer",
      "uri": "spotify:track:0pqnGHJpmpxLKifKRmU6WP"
    },
    {
      "artist": "Post Malone",
      "album": "Hollywood's Bleeding",
      "track": "Sunflower - Spider-Man: Into the Spider-Verse",
      "uri": "spotify:track:0RiRZpuVRbi7oqRdSMwhQY"
    },
    {
      "artist": "KSI",
      "album": "All Over The Place",
      "track": "No Time (feat. Lil Durk)",
      "uri": "spotify:track:43biEegdEvel9ey0ilBpaf"
    },
    {
      "artist": "AC/DC",
      "album": "Highway to Hell",
      "track": "Highway to Hell",
      "uri": "spotify:track:2zYzyRzz6pRmhPzyfMEC8s"
    },
    {
      "artist": "Indila",
      "album": "Mini World",
      "track": "Dernière danse",
      "uri": "spotify:track:65uoaqX5qcjXZRheAj1qQT"
    },
    {
      "artist": "Metro Boomin",
      "album": "NOT ALL HEROES WEAR CAPES",
      "track": "Space Cadet (feat. Gunna)",
      "uri": "spotify:track:1fewSx2d5KIZ04wsooEBOz"
    },
    {
      "artist": "SyKo",
      "album": "#BrooklynBloodPop!",
      "track": "#BrooklynBloodPop!",
      "uri": "spotify:track:7K9Z3yFNNLv5kwTjQYGjnu"
    },
    {
      "artist": "Tech N9ne",
      "album": "ASIN9NE",
      "track": "Face Off",
      "uri": "spotify:track:6M47gaKejso9772SKTa3yH"
    },
    {
      "artist": "Alan Walker",
      "album": "Ignite",
      "track": "Ignite",
      "uri": "spotify:track:1jLsirPDkUS2g4gnkYua58"
    },
    {
      "artist": "Sub Urban",
      "album": "Cradles",
      "track": "Cradles",
      "uri": "spotify:track:18A7ha5BitZjmdHTCwXFbU"
    },
    {
      "artist": "Jason Derulo",
      "album": "Swalla (feat. Nicki Minaj & Ty Dolla $ign)",
      "track": "Swalla (feat. Nicki Minaj & Ty Dolla $ign)",
      "uri": "spotify:track:6kex4EBAj0WHXDKZMEJaaF"
    },
    {
      "artist": "Mohit Chauhan",
      "album": "Love Aaj Kal",
      "track": "Dooriyan (From \"Love Aaj Kal\")",
      "uri": "spotify:track:4peiaLdhDgUgQ646Gpbvh3"
    },
    {
      "artist": "Atif Aslam",
      "album": "Tere Naal Love Ho Gaya",
      "track": "Piya O Re Piya",
      "uri": "spotify:track:5a11x5PUFvJEadMRqtNtTr"
    },
    {
      "artist": "Dimitri Vegas & Like Mike",
      "album": "Instagram",
      "track": "Instagram",
      "uri": "spotify:track:0U6bQIAh6MCGo1xjbIIx2S"
    },
    {
      "artist": "Ariana Grande",
      "album": "Dangerous Woman",
      "track": "Side To Side",
      "uri": "spotify:track:44ONERBHALxftQNWq6dmyd"
    },
    {
      "artist": "DHARIA",
      "album": "Sugar & Brownies",
      "track": "Sugar & Brownies",
      "uri": "spotify:track:4CAEINtapxGNYyjjJ1AKOA"
    },
    {
      "artist": "LISA",
      "album": "LALISA",
      "track": "MONEY",
      "uri": "spotify:track:45OX2jjEw1l7lOFJfDP9fv"
    },
    {
      "artist": "Cecilia Krull",
      "album": "My Life Is Going On (Música Original De La Serie De TV La Casa De Papel / Money Heist)",
      "track": "My Life Is Going On (Música Original De La Serie De TV La Casa De Papel / Money Heist)",
      "uri": "spotify:track:5ZEQjTroORCu6uWvZrdeNc"
    },
    {
      "artist": "Sean Paul",
      "album": "Mad Love The Prequel",
      "track": "No Lie",
      "uri": "spotify:track:48QmG1dfvMuYLxMPt7KSRA"
    },
    {
      "artist": "Mike Posner",
      "album": "POPWIKI 3",
      "track": "I Took A Pill In Ibiza - Seeb Remix",
      "uri": "spotify:track:1UdmtX2aQBQRe7NlUQVH5r"
    },
    {
      "artist": "KRYPTO9095",
      "album": "Woah (feat. D3Mstreet)",
      "track": "Woah (feat. D3Mstreet)",
      "uri": "spotify:track:5lN7UtvhpwEHzifSjKw3z2"
    },
    {
      "artist": "S1mba",
      "album": "Rover (feat. Lil Tecca)",
      "track": "Rover (feat. Lil Tecca)",
      "uri": "spotify:track:6E6RS1uUDxxYiWMmEKrxnh"
    },
    {
      "artist": "Duncan Laurence",
      "album": "Arcade",
      "track": "Arcade",
      "uri": "spotify:track:1Xi84slp6FryDSCbzq4UCD"
    },
    {
      "artist": "Sasha Alex Sloan",
      "album": "Is It Just Me? (feat. Charlie Puth)",
      "track": "Is It Just Me? (feat. Charlie Puth)",
      "uri": "spotify:track:5tqNWWiySiABLrGAvSWsO5"
    },
    {
      "artist": "TheFatRat",
      "album": "Fly Away",
      "track": "Fly Away",
      "uri": "spotify:track:0hTrQoqDmFnA4S1PC265e1"
    },
    {
      "artist": "Kiko Blac",
      "album": "Bunny Girl Senpai Freestyle",
      "track": "Bunny Girl Senpai Freestyle",
      "uri": "spotify:track:6w1E3TTGPuXCzVyKBmLNBD"
    },
    {
      "artist": "Dimitri Vegas & Like Mike",
      "album": "Get in Trouble (So What)",
      "track": "Get in Trouble (So What)",
      "uri": "spotify:track:5KC7ginqShi7mhDQLttQh0"
    },
    {
      "artist": "AronChupa",
      "album": "I'm an Albatraoz",
      "track": "I'm an Albatraoz",
      "uri": "spotify:track:5MhsZlmKJG6X5kTHkdwC4B"
    },
    {
      "artist": "Sanam",
      "album": "Mere Mehboob Qayamat Hogi - Sanam",
      "track": "Mere Mehboob Qayamat Hogi",
      "uri": "spotify:track:3MPHub8AYXBHMEqJa4yrGc"
    },
    {
      "artist": "24kGoldn",
      "album": "Mood (feat. iann dior)",
      "track": "Mood (feat. iann dior)",
      "uri": "spotify:track:3tjFYV6RSFtuktYl3ZtYcq"
    },
    {
      "artist": "Alan Walker",
      "album": "Believers",
      "track": "Believers",
      "uri": "spotify:track:4bMLBGnjAGVFpjAfIkD0UY"
    },
    {
      "artist": "Leyla Blue",
      "album": "What A Shame",
      "track": "What A Shame",
      "uri": "spotify:track:7FGIEAVXfegxngH9Jg6VwA"
    },
    {
      "artist": "Drod",
      "album": "sunday morning views",
      "track": "sunday morning views",
      "uri": "spotify:track:5g7Djs8bmMGYaL7XRkdamJ"
    },
    {
      "artist": "Fousheé",
      "album": "Deep End",
      "track": "Deep End",
      "uri": "spotify:track:6HlE9t71z9DjGi7KqSyEpA"
    },
    {
      "artist": "Witt Lowry",
      "album": "Into Your Arms (feat. Ava Max)",
      "track": "Into Your Arms (feat. Ava Max)",
      "uri": "spotify:track:0b11D9D0hMOYCIMN3OKreM"
    },
    {
      "artist": "Adele",
      "album": "21",
      "track": "Rolling in the Deep",
      "uri": "spotify:track:4OSBTYWVwsQhGLF9NHvIbR"
    },
    {
      "artist": "Elley Duhé",
      "album": "MIDDLE OF THE NIGHT",
      "track": "MIDDLE OF THE NIGHT",
      "uri": "spotify:track:58HvfVOeJY7lUuCqF0m3ly"
    },
    {
      "artist": "One Direction",
      "album": "Made In The A.M.",
      "track": "Drag Me Down",
      "uri": "spotify:track:2K87XMYnUMqLcX3zvtAF4G"
    },
    {
      "artist": "Wiz Khalifa",
      "album": "See You Again (feat. Charlie Puth)",
      "track": "See You Again (feat. Charlie Puth)",
      "uri": "spotify:track:2JzZzZUQj3Qff7wapcbKjc"
    },
    {
      "artist": "JVKE",
      "album": "this is what ____ feels like (Vol. 1-4)",
      "track": "golden hour",
      "uri": "spotify:track:5odlY52u43F5BjByhxg7wg"
    },
    {
      "artist": "347aidan",
      "album": "Dancing in My Room",
      "track": "Dancing in My Room",
      "uri": "spotify:track:6Pgmqg15yVexuOgtzuxwoX"
    },
    {
      "artist": "It's Different",
      "album": "Fashion Week",
      "track": "Fashion Week",
      "uri": "spotify:track:0Deqz1Pwbek73HLmf51iH2"
    },
    {
      "artist": "Macklemore & Ryan Lewis",
      "album": "Thrift Shop (feat. Wanz)",
      "track": "Thrift Shop (feat. Wanz)",
      "uri": "spotify:track:1CmUZGtH29Kx36C1Hleqlz"
    },
    {
      "artist": "One Direction",
      "album": "FOUR",
      "track": "Night Changes",
      "uri": "spotify:track:5O2P9iiztwhomNh8xkR9lJ"
    },
    {
      "artist": "Alexander Rybak",
      "album": "Fairytale",
      "track": "Fairytale",
      "uri": "spotify:track:3MnAsEBBsEj86d03RgO4EM"
    },
    {
      "artist": "Bastille",
      "album": "Bad Blood",
      "track": "Pompeii",
      "uri": "spotify:track:6fNhZRFEkBfgW39W3wKARJ"
    },
    {
      "artist": "Dwayne Johnson",
      "album": "Moana",
      "track": "You're Welcome",
      "uri": "spotify:track:5frDSkLEcCJjQSdvUB2JG8"
    },
    {
      "artist": "Eduardo Luzquiños",
      "album": "Needed Me TikTok",
      "track": "Needed Me TikTok - Remix",
      "uri": "spotify:track:7vF6rBWicwDJHwRVeqpfUD"
    },
    {
      "artist": "Sia",
      "album": "This Is Acting",
      "track": "Cheap Thrills",
      "uri": "spotify:track:27SdWb2rFzO6GWiYDBTD9j"
    },
    {
      "artist": "The Neighbourhood",
      "album": "I Love You.",
      "track": "Sweater Weather",
      "uri": "spotify:track:2QjOHCTQ1Jl3zawyYOpxh6"
    },
    {
      "artist": "lostmp3",
      "album": "She Make It Clap Freestyle",
      "track": "She Make It Clap Freestyle",
      "uri": "spotify:track:6uxCTrzCOzMPwCP6bOQrvY"
    },
    {
      "artist": "Forrest Nolan",
      "album": "Summer Vibe",
      "track": "Summer Vibe",
      "uri": "spotify:track:1SdItcSOTD14tvIo8UzA6k"
    },
    {
      "artist": "Sia",
      "album": "1000 Forms Of Fear",
      "track": "Chandelier",
      "uri": "spotify:track:4VrWlk8IQxevMvERoX08iC"
    },
    {
      "artist": "Mark Ronson",
      "album": "Happy Songs",
      "track": "Uptown Funk (feat. Bruno Mars)",
      "uri": "spotify:track:20xeS3akpiqflyfnHfqe3g"
    },
    {
      "artist": "Lil Pitchy",
      "album": "Livin' for That",
      "track": "Livin' for That",
      "uri": "spotify:track:6DpfK29mwnn1tMjaa0mJo1"
    },
    {
      "artist": "Krishna Beura",
      "album": "Shaadi Mein Zaroor Aana",
      "track": "Mera Intkam Dekhegi",
      "uri": "spotify:track:7wAJJ6CbMfNOTZFnjMMfOc"
    },
    {
      "artist": "PUBLIC",
      "album": "Make You Mine",
      "track": "Make You Mine",
      "uri": "spotify:track:5iFwAOB2TFkPJk8sMlxP8g"
    },
    {
      "artist": "Maroon 5",
      "album": "Memories",
      "track": "Memories",
      "uri": "spotify:track:2b8fOow8UzyDFAE27YhOZM"
    },
    {
      "artist": "Eminem",
      "album": "The Eminem Show",
      "track": "Without Me",
      "uri": "spotify:track:7lQ8MOhq6IN2w8EYcFNSUk"
    },
    {
      "artist": "ArrDee",
      "album": "Pier Pressure",
      "track": "Oliver Twist",
      "uri": "spotify:track:6ROFzwu3tbB6mxpW9Gt1YU"
    },
    {
      "artist": "Doja Cat",
      "album": "Planet Her",
      "track": "Need to Know",
      "uri": "spotify:track:3Vi5XqYrmQgOYBajMWSvCi"
    },
    {
      "artist": "Sam Smith",
      "album": "Unholy (feat. Kim Petras)",
      "track": "Unholy (feat. Kim Petras)",
      "uri": "spotify:track:3nqQXoyQOWXiESFLlDF1hG"
    },
    {
      "artist": "Stellar",
      "album": "Ashes",
      "track": "Ashes",
      "uri": "spotify:track:3Pj6u2KTgepyyidp5xfbHp"
    },
    {
      "artist": "The Score",
      "album": "Pressure",
      "track": "Glory",
      "uri": "spotify:track:6hypt8VPJxeMXTTcRUHS86"
    },
    {
      "artist": "Hippie Sabotage",
      "album": "Providence",
      "track": "Devil Eyes",
      "uri": "spotify:track:7MiZjKawmXTsTNePyTfPyL"
    },
    {
      "artist": "Gym Class Heroes",
      "album": "The Papercut Chronicles II",
      "track": "Stereo Hearts (feat. Adam Levine)",
      "uri": "spotify:track:0qOnSQQF0yzuPWsXrQ9paz"
    },
    {
      "artist": "TBeatz",
      "album": "Telepatía (TikTok Edition)",
      "track": "Telepatía (TikTok Edition)",
      "uri": "spotify:track:6IuY3T9iTbLXPzShgbkU3N"
    },
    {
      "artist": "Alan Walker",
      "album": "Fake A Smile",
      "track": "Fake A Smile",
      "uri": "spotify:track:6rAGFY9D3ah6Lb7fUgbNNH"
    },
    {
      "artist": "Redfoo",
      "album": "New Thang",
      "track": "New Thang",
      "uri": "spotify:track:4PVm8e67skz8B8wiJP2kwk"
    },
    {
      "artist": "Darshan Raval",
      "album": "Tera Zikr",
      "track": "Tera Zikr",
      "uri": "spotify:track:0OfaueVeRebAfWsAHajj3z"
    },
    {
      "artist": "Vegedream",
      "album": "Marchand de sable",
      "track": "Ramenez la coupe à la maison",
      "uri": "spotify:track:1m0UFnuTktOkksvjbF9z0m"
    },
    {
      "artist": "Sunidhi Chauhan",
      "album": "Tees Maar Khan",
      "track": "Sheila Ki Jawani",
      "uri": "spotify:track:6VbmeIWTbNHM5uqoW7GTE4"
    },
    {
      "artist": "Dimitri Vegas & Like Mike",
      "album": "Complicated (feat. Kiiara)",
      "track": "Complicated (feat. Kiiara)",
      "uri": "spotify:track:1Sl3njkhhz8nrSPZroDQ82"
    },
    {
      "artist": "Atif Aslam",
      "album": "Race",
      "track": "Pehli Nazar Mein",
      "uri": "spotify:track:17opN752ZQpNuoptelsNQ1"
    },
    {
      "artist": "BLACKPINK",
      "album": "THE ALBUM",
      "track": "How You Like That",
      "uri": "spotify:track:6bvZRLLkBKkmgpBJTTj3QK"
    },
    {
      "artist": "Consoul Trainin",
      "album": "Obsession",
      "track": "Obsession - Radio Edit",
      "uri": "spotify:track:2WOuLxGqZmLH0lcx2a0czd"
    },
    {
      "artist": "Fall Out Boy",
      "album": "Immortals",
      "track": "Immortals - From \"Big Hero 6”",
      "uri": "spotify:track:7iyIleLfoTXbUVlch3CVFw"
    },
    {
      "artist": "Drake",
      "album": "Views",
      "track": "One Dance",
      "uri": "spotify:track:5ZKG94fnjiuMH5yrC5S9lS"
    },
    {
      "artist": "Ember Island",
      "album": "Umbrella",
      "track": "Umbrella",
      "uri": "spotify:track:2FX5HPP1FNNuLlt2UU9os7"
    },
    {
      "artist": "S-X",
      "album": "locked out",
      "track": "locked out",
      "uri": "spotify:track:0igynMymqkK2ESNVQe23Fr"
    },
    {
      "artist": "Hrishikesh Ranade",
      "album": "Online Binline",
      "track": "Haralo Viralo",
      "uri": "spotify:track:12IRQ3OCz9yTxPSlZqDeqz"
    },
    {
      "artist": "Sean Paul",
      "album": "The Trinity",
      "track": "Temperature",
      "uri": "spotify:track:0k2GOhqsrxDTAbFFSdNJjT"
    },
    {
      "artist": "Rae Sremmurd",
      "album": "SremmLife",
      "track": "This Could Be Us",
      "uri": "spotify:track:4jTiyLlOJVJj3mCr7yfPQD"
    },
    {
      "artist": "DripReport",
      "album": "Skechers",
      "track": "Skechers",
      "uri": "spotify:track:2alc8VZAzDgdAsL2QMk3hu"
    },
    {
      "artist": "WILLOW",
      "album": "ARDIPITHECUS",
      "track": "Wait a Minute!",
      "uri": "spotify:track:5e08a8D8T3z4LDXbUIjxKQ"
    },
    {
      "artist": "The Kid LAROI",
      "album": "STAY (with Justin Bieber)",
      "track": "STAY (with Justin Bieber)",
      "uri": "spotify:track:5HCyWlXZPP0y6Gqq8TgA20"
    },
    {
      "artist": "The Chainsmokers",
      "album": "Memories...Do Not Open",
      "track": "Paris",
      "uri": "spotify:track:72jbDTw1piOOj770jWNeaG"
    },
    {
      "artist": "Katy Perry",
      "album": "PRISM",
      "track": "Dark Horse",
      "uri": "spotify:track:5jrdCoLpJSvHHorevXBATy"
    },
    {
      "artist": "Adnan Sami",
      "album": "Tera Chehra",
      "track": "Tera Chehra",
      "uri": "spotify:track:14uXhHNINQqjl2hngD21s9"
    },
    {
      "artist": "Britney Spears",
      "album": "In The Zone",
      "track": "Toxic",
      "uri": "spotify:track:6I9VzXrHxO9rA9A5euc8Ak"
    },
    {
      "artist": "Benny Dayal",
      "album": "ABCD 2",
      "track": "Naach Meri Jaan",
      "uri": "spotify:track:0LYdvoom8Ri54PyYuLD2Dt"
    },
    {
      "artist": "Pháo",
      "album": "2 Phút Hơn",
      "track": "2 Phút Hơn - KAIZ Remix",
      "uri": "spotify:track:4SUk1ZTtA6OC120afxrpRZ"
    },
    {
      "artist": "Doja Cat",
      "album": "Planet Her",
      "track": "You Right",
      "uri": "spotify:track:0k4d5YPDr1r7FX77VdqWez"
    },
    {
      "artist": "KSHMR",
      "album": "One More Round (Free Fire Booyah Day Theme Song)",
      "track": "One More Round (Free Fire Booyah Day Theme Song)",
      "uri": "spotify:track:5t9YU2mww4eiFCeTBy3EFU"
    },
    {
      "artist": "Johnny Orlando",
      "album": "What If (I Told You I Like You)",
      "track": "What If (I Told You I Like You)",
      "uri": "spotify:track:4v7DgEMw6EvYyuQ4eWFD9l"
    },
    {
      "artist": "Cartoon",
      "album": "Howling",
      "track": "Howling",
      "uri": "spotify:track:1FUbkX4ySdsOHoUOkyOJte"
    },
    {
      "artist": "BØRNS",
      "album": "Dopamine",
      "track": "Electric Love",
      "uri": "spotify:track:2GiJYvgVaD2HtM8GqD9EgQ"
    },
    {
      "artist": "Harry Styles",
      "album": "As It Was",
      "track": "As It Was",
      "uri": "spotify:track:4LRPiXqCikLlN15c3yImP7"
    },
    {
      "artist": "Michael Jackson",
      "album": "Thriller 25 Super Deluxe Edition",
      "track": "Billie Jean",
      "uri": "spotify:track:5ChkMS8OtdzJeqyybCc9R5"
    },
    {
      "artist": "Lox Chatterbox",
      "album": "Dead to Me",
      "track": "Dead to Me",
      "uri": "spotify:track:7xG9yO1Zuaa4jG0WAkS4Lp"
    },
    {
      "artist": "Pritam",
      "album": "Love Aaj Kal",
      "track": "Mehrama",
      "uri": "spotify:track:6cUOiOY5qh2FpIQWIYAd2h"
    },
    {
      "artist": "Mellen Gi",
      "album": "Fairytale Slowed Reverb",
      "track": "Fairytale Slowed Reverb",
      "uri": "spotify:track:77LMC1Im7M1j8UKya0zjAl"
    },
    {
      "artist": "JVKE",
      "album": "this is what falling in love feels like (554Hz)",
      "track": "golden hour",
      "uri": "spotify:track:4yNk9iz9WVJikRFle3XEvn"
    },
    {
      "artist": "Sofía Reyes",
      "album": "1, 2, 3 (feat. Jason Derulo & De La Ghetto)",
      "track": "1, 2, 3 (feat. Jason Derulo & De La Ghetto)",
      "uri": "spotify:track:4QtiVmuA88tPQiCOHZuQ5b"
    },
    {
      "artist": "Lil Tjay",
      "album": "Destined 2 Win",
      "track": "Run It Up (feat. Offset & Moneybagg Yo)",
      "uri": "spotify:track:1dg3qy5DjoJodawfOCgrTP"
    },
    {
      "artist": "Tiësto",
      "album": "The Motto",
      "track": "The Motto",
      "uri": "spotify:track:18asYwWugKjjsihZ0YvRxO"
    },
    {
      "artist": "Post Malone",
      "album": "beerbongs & bentleys",
      "track": "rockstar (feat. 21 Savage)",
      "uri": "spotify:track:0e7ipj03S05BNilyu5bRzt"
    },
    {
      "artist": "Besomorph",
      "album": "Redemption",
      "track": "Redemption",
      "uri": "spotify:track:2AbPsvbxqYaNCvKXcJn1kV"
    },
    {
      "artist": "Armani White",
      "album": "BILLIE EILISH.",
      "track": "BILLIE EILISH.",
      "uri": "spotify:track:27ZZdyTSQWI7Cug2d2PkqV"
    },
    {
      "artist": "Rosa Linn",
      "album": "SNAP",
      "track": "SNAP",
      "uri": "spotify:track:76OGwb5RA9h4FxQPT33ekc"
    },
    {
      "artist": "Alessia Cara",
      "album": "Know-It-All",
      "track": "Here",
      "uri": "spotify:track:664gdARxaClFsoF5SXKOws"
    },
    {
      "artist": "CG5",
      "album": "Absolutely Anything (feat. Or3o)",
      "track": "Absolutely Anything (feat. Or3o)",
      "uri": "spotify:track:30nwxUmOXvcwA1U84BqowT"
    },
    {
      "artist": "Alan Walker",
      "album": "Different World",
      "track": "Alone",
      "uri": "spotify:track:3LlmKSHR3Rs0Y3KHQLAYDk"
    },
    {
      "artist": "NF",
      "album": "The Search",
      "track": "The Search",
      "uri": "spotify:track:2OKo7g3KfmCt3kyLvUAL0g"
    },
    {
      "artist": "Maitchh",
      "album": "Often",
      "track": "Often (Slowed)",
      "uri": "spotify:track:0DzEorgyhmmw8IqYmInV8Q"
    },
    {
      "artist": "Bruno Mars",
      "album": "Doo-Wops & Hooligans",
      "track": "Grenade",
      "uri": "spotify:track:4lLtanYk6tkMvooU0tWzG8"
    },
    {
      "artist": "Mark Ronson",
      "album": "Nothing Breaks Like a Heart (feat. Miley Cyrus)",
      "track": "Nothing Breaks Like a Heart (feat. Miley Cyrus)",
      "uri": "spotify:track:27rdGxbavYJeBphck5MZAF"
    },
    {
      "artist": "Clean Bandit",
      "album": "Symphony (feat. Zara Larsson)",
      "track": "Symphony (feat. Zara Larsson)",
      "uri": "spotify:track:1x5sYLZiu9r5E43kMlt9f8"
    },
    {
      "artist": "Charlie Puth",
      "album": "CHARLIE",
      "track": "Light Switch",
      "uri": "spotify:track:1jEBSDN5vYViJQr78W7jr2"
    },
    {
      "artist": "Rick Astley",
      "album": "Whenever You Need Somebody",
      "track": "Never Gonna Give You Up",
      "uri": "spotify:track:4uLU6hMCjMI75M1A2tKUQC"
    },
    {
      "artist": "Imagine Dragons",
      "album": "Night Visions",
      "track": "Demons",
      "uri": "spotify:track:5qaEfEh1AtSdrdrByCP7qR"
    },
    {
      "artist": "B Praak",
      "album": "Filhall",
      "track": "Filhall",
      "uri": "spotify:track:7DE0I3buHcns00C0YEsYsY"
    },
    {
      "artist": "Arizona Zervas",
      "album": "ROXANNE",
      "track": "ROXANNE",
      "uri": "spotify:track:696DnlkuDOXcMAnKlTgXXK"
    },
    {
      "artist": "MC L da Vinte",
      "album": "Parado no Bailão",
      "track": "Parado no Bailão",
      "uri": "spotify:track:3Hb9kUdm4yf839Fle4RIdT"
    },
    {
      "artist": "Hott Headzz",
      "album": "Hmmm - Single",
      "track": "Hmmm",
      "uri": "spotify:track:7bEKga8eFygrhFWB5KTl3A"
    },
    {
      "artist": "Conor Maynard",
      "album": "Hate How Much I Love You",
      "track": "Hate How Much I Love You",
      "uri": "spotify:track:2v00WuRHH1WdnXxlHnyURi"
    },
    {
      "artist": "Charlie Puth",
      "album": "Light Switch",
      "track": "Light Switch",
      "uri": "spotify:track:3AVXwaOGCEL8cmBecfcsFJ"
    },
    {
      "artist": "Trevor Daniel",
      "album": "Falling",
      "track": "Falling",
      "uri": "spotify:track:4TnjEaWOeW0eKTKIEvJyCa"
    },
    {
      "artist": "Prem",
      "album": "Jawaani Jaaneman",
      "track": "Gallan Kardi",
      "uri": "spotify:track:7bWIRK3emiP8UwH6fpDfuu"
    },
    {
      "artist": "The Score",
      "album": "ATLAS",
      "track": "Legend",
      "uri": "spotify:track:3SWqGa1J0M7hSBUDM0KePD"
    },
    {
      "artist": "Trinidad Cardona",
      "album": "Love Me Back (Fayahh Beat)",
      "track": "Love Me Back (Fayahh Beat)",
      "uri": "spotify:track:5ZF6l3xKi3m6YK2dDXAsR5"
    },
    {
      "artist": "Akon",
      "album": "Ra-One",
      "track": "Chammak Challo",
      "uri": "spotify:track:0EH7sgeiFqDa3eS7ieW2zs"
    },
    {
      "artist": "Selena Gomez",
      "album": "Wolves",
      "track": "Wolves",
      "uri": "spotify:track:0tBbt8CrmxbjRP0pueQkyU"
    },
    {
      "artist": "Charlie Puth",
      "album": "CHARLIE",
      "track": "Loser",
      "uri": "spotify:track:1BCXUbnU0486n4eeTyyVIj"
    },
    {
      "artist": "George Michael",
      "album": "Ladies And Gentlemen... The Best Of George Michael",
      "track": "Careless Whisper",
      "uri": "spotify:track:4jDmJ51x1o9NZB5Nxxc7gY"
    },
    {
      "artist": "Sarah Cothran",
      "album": "As the World Caves In",
      "track": "As the World Caves In",
      "uri": "spotify:track:2xXNLutYAOELYVObYb1C1S"
    },
    {
      "artist": "David Guetta",
      "album": "One More Love",
      "track": "Memories (feat. Kid Cudi)",
      "uri": "spotify:track:5xYC48nOppVemY6U5GRGTb"
    },
    {
      "artist": "Adnan Sami",
      "album": "Kabhi To Nazar Milao/Bheegi Bheegi raton Mein",
      "track": "Bheegi Bheegi Raton Mein",
      "uri": "spotify:track:3czT4fZGk8us5RpAU3X3KM"
    },
    {
      "artist": "CKay",
      "album": "love nwantiti (ah ah ah) [feat. Joeboy & Kuami Eugene] [Remix]",
      "track": "love nwantiti (ah ah ah) [feat. Joeboy & Kuami Eugene] [Remix]",
      "uri": "spotify:track:140dx97IbJbQhIMd7AaHeb"
    },
    {
      "artist": "Farhan Van Adel",
      "album": "Reveal Slowed",
      "track": "Until i found you (slowed mix)",
      "uri": "spotify:track:6LxXYKffAmZGULrLJ0e9Qs"
    },
    {
      "artist": "Alok",
      "album": "Vale Vale",
      "track": "Vale Vale",
      "uri": "spotify:track:0sfgF2kM3yrZbkLmAbjSo6"
    },
    {
      "artist": "OneRepublic",
      "album": "Native",
      "track": "Counting Stars",
      "uri": "spotify:track:2tpWsVSb9UEmDRxAl1zhX1"
    },
    {
      "artist": "Billie Eilish",
      "album": "lovely (with Khalid)",
      "track": "lovely (with Khalid)",
      "uri": "spotify:track:0u2P5u6lvoDfwTYjAADbn4"
    },
    {
      "artist": "Friedrich Habetler",
      "album": "Giorno's Theme",
      "track": "Giorno's Theme",
      "uri": "spotify:track:0oFPCGIO4t2cmOkksXknoD"
    },
    {
      "artist": "Lukas Graham",
      "album": "Lukas Graham",
      "track": "Mama Said",
      "uri": "spotify:track:5ArQzSBevAdXTxRY6Ulhbq"
    },
    {
      "artist": "RH Music",
      "album": "Often Slowed",
      "track": "Often Slowed - Remix",
      "uri": "spotify:track:5diwxu9j4BXPrQ1SWur5CG"
    },
    {
      "artist": "fflockk",
      "album": "Often (Slowed)",
      "track": "Often (Slowed)",
      "uri": "spotify:track:65RJRo9SZXbrjFnq1VS9Ev"
    },
    {
      "artist": "DJ Khaled",
      "album": "Grateful",
      "track": "I'm the One (feat. Justin Bieber, Quavo, Chance the Rapper & Lil Wayne)",
      "uri": "spotify:track:3DXncPQOG4VBw3QHh3S817"
    },
    {
      "artist": "Sean Paul",
      "album": "Throwback Summer Hits",
      "track": "No Lie",
      "uri": "spotify:track:1zfojKPcf9dYx5xTDzlkhd"
    },
    {
      "artist": "Alan Walker",
      "album": "Different World",
      "track": "All Falls Down (feat. Juliander)",
      "uri": "spotify:track:1HvCFAUIWQsWV9zud3UhDl"
    },
    {
      "artist": "Lil Nas X",
      "album": "MONTERO (Call Me By Your Name)",
      "track": "MONTERO (Call Me By Your Name)",
      "uri": "spotify:track:67BtfxlNbhBmCDR2L2l8qd"
    },
    {
      "artist": "Sabrina Carpenter",
      "album": "EVOLution",
      "track": "Thumbs",
      "uri": "spotify:track:6WC5fhc9XMaCrUNKNjm9xE"
    },
    {
      "artist": "Harry Styles",
      "album": "Fine Line",
      "track": "Watermelon Sugar",
      "uri": "spotify:track:6UelLqGlWMcVH1E5c4H7lY"
    },
    {
      "artist": "Bella Poarch",
      "album": "Build a Bitch",
      "track": "Build a Bitch",
      "uri": "spotify:track:7BoobGhD4x5K96Me0hqC8Q"
    },
    {
      "artist": "Lata Mangeshkar",
      "album": "Chori Chori",
      "track": "Aaja Sanam Madhur Chandni Men",
      "uri": "spotify:track:5K0YR5W8FNgzjceUwgNlPv"
    },
    {
      "artist": "Sia",
      "album": "LABRINTH, SIA & DIPLO PRESENT... LSD",
      "track": "Genius (feat. Sia, Diplo, and Labrinth)",
      "uri": "spotify:track:4xigPf2sigSPmuFH3qCelB"
    },
    {
      "artist": "Bruno Mars",
      "album": "Unorthodox Jukebox",
      "track": "Locked out of Heaven",
      "uri": "spotify:track:3w3y8KPTfNeOKPiqUTakBh"
    },
    {
      "artist": "Ava Max",
      "album": "Not Your Barbie Girl",
      "track": "Not Your Barbie Girl",
      "uri": "spotify:track:4fkM7M4Uo5AUASnnsRC7EZ"
    },
    {
      "artist": "Olivia Rodrigo",
      "album": "drivers license",
      "track": "drivers license",
      "uri": "spotify:track:7lPN2DXiMsVn7XUKtOW1CS"
    },
    {
      "artist": "Chill Box",
      "album": "Suzume no Tojimari / すずめの戸締まり",
      "track": "Suzume no Tojimari",
      "uri": "spotify:track:7gWuIvgecPj8ddhw5ah1ca"
    },
    {
      "artist": "Lindsey Stirling",
      "album": "Warmer In The Winter",
      "track": "Carol Of The Bells",
      "uri": "spotify:track:0byPyCPX9mfGMiAGVZxasq"
    },
    {
      "artist": "Ryan Castro",
      "album": "Mujeriego",
      "track": "Mujeriego",
      "uri": "spotify:track:78kygHp1dvW1kncYjBgbe1"
    },
    {
      "artist": "Maroon 5",
      "album": "V",
      "track": "Sugar",
      "uri": "spotify:track:5d6Mjuu2uCGRPYpFjGpCX5"
    },
    {
      "artist": "BLACKPINK",
      "album": "DDU-DU DDU-DU",
      "track": "DDU-DU DDU-DU - Remix JP Ver.",
      "uri": "spotify:track:2ERO7JFeaRMIdlEn9JTryn"
    },
    {
      "artist": "Pop Smoke",
      "album": "Shoot For The Stars Aim For The Moon",
      "track": "Hello (feat. A Boogie Wit da Hoodie)",
      "uri": "spotify:track:2r6OAV3WsYtXuXjvJ1lIDi"
    },
    {
      "artist": "BoyWithUke",
      "album": "Faded",
      "track": "Toxic",
      "uri": "spotify:track:2kaNmAbqrtOf7Rdr3fnCWl"
    },
    {
      "artist": "SAINt JHN",
      "album": "Roses",
      "track": "Roses - Imanbek Remix",
      "uri": "spotify:track:24Yi9hE78yPEbZ4kxyoXAI"
    },
    {
      "artist": "Alan Walker",
      "album": "Alone, Pt. II",
      "track": "Alone, Pt. II",
      "uri": "spotify:track:0bMbDctzMmTyK2j74j3nF3"
    },
    {
      "artist": "Meghan Trainor",
      "album": "Thank You",
      "track": "Me Too",
      "uri": "spotify:track:3KwwE4sgCzMaKWq6QBebmX"
    },
    {
      "artist": "Trevor Daniel",
      "album": "Falling",
      "track": "Falling",
      "uri": "spotify:track:26XaOsDMbl0e1cVKYfkz6w"
    },
    {
      "artist": "Stellar",
      "album": "Bad Dream",
      "track": "Bad Dream",
      "uri": "spotify:track:4vDGc8mD9kHbC2Yy6pF6SE"
    },
    {
      "artist": "KSI",
      "album": "Disstracktions - EP",
      "track": "Little Boy",
      "uri": "spotify:track:2zWxPpMXAY4RTxxFnU3Vx7"
    },
    {
      "artist": "Michael Bublé",
      "album": "It's Time",
      "track": "Feeling Good",
      "uri": "spotify:track:1AM8QdDFZMq6SrrqUnuQ9P"
    },
    {
      "artist": "Sasha Alex Sloan",
      "album": "Older",
      "track": "Older",
      "uri": "spotify:track:52iLDrSoRtf9lcgFuLVfqE"
    },
    {
      "artist": "loverlux",
      "album": "Rich Boy",
      "track": "Rich Boy",
      "uri": "spotify:track:4Viix1vJBcuBDjZ48lwcLc"
    },
    {
      "artist": "CKay",
      "album": "love nwantiti (feat. Dj Yo! & AX'EL)",
      "track": "love nwantiti (feat. Dj Yo! & AX'EL) - Remix",
      "uri": "spotify:track:4gvrJnKCKIPiacNsWVQwEU"
    },
    {
      "artist": "Mohit Chauhan",
      "album": "Anjaana Anjaani",
      "track": "Tujhe Bhula Diya",
      "uri": "spotify:track:4r8JqkhpTb5tzSKKHnVJIJ"
    },
    {
      "artist": "Halsey",
      "album": "Without Me",
      "track": "Without Me",
      "uri": "spotify:track:5p7ujcrUXASCNwRaWNHR1C"
    },
    {
      "artist": "Glass Animals",
      "album": "Dreamland",
      "track": "Heat Waves",
      "uri": "spotify:track:3USxtqRwSYz57Ewm6wWRMp"
    },
    {
      "artist": "Coopex",
      "album": "Ruined My Life",
      "track": "Ruined My Life",
      "uri": "spotify:track:4JOyIcmOKtG7ma488ENyzA"
    },
    {
      "artist": "Olivia Rodrigo",
      "album": "SOUR",
      "track": "good 4 u",
      "uri": "spotify:track:4ZtFanR9U6ndgddUvNcjcG"
    },
    {
      "artist": "Avicii",
      "album": "Stories",
      "track": "Waiting For Love",
      "uri": "spotify:track:2P4OICZRVAQcYAV2JReRfj"
    },
    {
      "artist": "Ritviz",
      "album": "Ved",
      "track": "Udd Gaye",
      "uri": "spotify:track:5ZsAhuQ24mWHiduaxJqnhW"
    },
    {
      "artist": "Lil Nas X",
      "album": "INDUSTRY BABY (feat. Jack Harlow)",
      "track": "INDUSTRY BABY (feat. Jack Harlow)",
      "uri": "spotify:track:27NovPIUIRrOZoCHxABJwK"
    },
    {
      "artist": "Marshmello",
      "album": "Numb",
      "track": "Numb",
      "uri": "spotify:track:10xV5l9nhLvFpR8mqzs0bL"
    },
    {
      "artist": "AMARIA BB",
      "album": "Slow Motion",
      "track": "Slow Motion",
      "uri": "spotify:track:493QaNbrvbEiQdPH9hDP6z"
    },
    {
      "artist": "Felax",
      "album": "Cerberus",
      "track": "In the name of Love",
      "uri": "spotify:track:6TrGLRy6ZV8KAJIrFtwgPd"
    },
    {
      "artist": "t.A.T.u.",
      "album": "200 KM/H In The Wrong Lane",
      "track": "All The Things She Said",
      "uri": "spotify:track:4bJygwUKrRgq1stlNXcgMg"
    },
    {
      "artist": "XXXTENTACION",
      "album": "?",
      "track": "Hope",
      "uri": "spotify:track:2ZRo7axmMPeSVUvDbGkJah"
    },
    {
      "artist": "Dazai Osamu",
      "album": "Dazai Ah",
      "track": "Dazai Ah",
      "uri": "spotify:track:57nODiIrhzMntJ9KLihgdb"
    },
    {
      "artist": "Indila",
      "album": "Mini World",
      "track": "Ainsi bas la vida",
      "uri": "spotify:track:4lsOsGMzO1yCjGVucoWOZ1"
    },
    {
      "artist": "KSI",
      "album": "Disstracktions - EP",
      "track": "Earthquake",
      "uri": "spotify:track:4veJxHnfgBo4BWTuXtGI3B"
    },
    {
      "artist": "Clean Bandit",
      "album": "Rockabye (feat. Sean Paul & Anne-Marie)",
      "track": "Rockabye (feat. Sean Paul & Anne-Marie)",
      "uri": "spotify:track:5knuzwU65gJK7IF5yJsuaW"
    },
    {
      "artist": "XXXTENTACION",
      "album": "17",
      "track": "Everybody Dies In Their Nightmares",
      "uri": "spotify:track:3GVkPk8mqxz0itaAriG1L7"
    },
    {
      "artist": "Hozier",
      "album": "Hozier",
      "track": "Take Me To Church",
      "uri": "spotify:track:3dYD57lRAUcMHufyqn9GcI"
    },
    {
      "artist": "Ruth B.",
      "album": "Safe Haven",
      "track": "Dandelions",
      "uri": "spotify:track:2eAvDnpXP5W0cVtiI0PUxV"
    },
    {
      "artist": "Pritam",
      "album": "Chhichhore",
      "track": "Khairiyat",
      "uri": "spotify:track:5O932cZmzOZGOGZz9RHx20"
    },
    {
      "artist": "Alan Walker",
      "album": "On My Way",
      "track": "On My Way",
      "uri": "spotify:track:4n7jnSxVLd8QioibtTDBDq"
    },
    {
      "artist": "Joji",
      "album": "Glimpse of Us",
      "track": "Glimpse of Us",
      "uri": "spotify:track:6xGruZOHLs39ZbVccQTuPZ"
    },
    {
      "artist": "Atif Aslam",
      "album": "Laila Majnu",
      "track": "O'Meri Laila",
      "uri": "spotify:track:4qVStkAhz8A61r7bfLqPvM"
    },
    {
      "artist": "dhruv",
      "album": "double take",
      "track": "double take",
      "uri": "spotify:track:47isJpIIO8m7BJEhiFhnaf"
    },
    {
      "artist": "Nicky Youre",
      "album": "Sunroof",
      "track": "Sunroof",
      "uri": "spotify:track:4h4QlmocP3IuwYEj2j14p8"
    },
    {
      "artist": "Sachet Tandon",
      "album": "Bekhayali (From \"Kabir Singh\")",
      "track": "Bekhayali (From \"Kabir Singh\")",
      "uri": "spotify:track:1feANd8EfcDP5UqSvbheM3"
    },
    {
      "artist": "Katy Perry",
      "album": "Teenage Dream: The Complete Confection",
      "track": "E.T.",
      "uri": "spotify:track:4z8ssgZfs5TzKiO8HaGWXO"
    },
    {
      "artist": "Michael Bublé",
      "album": "Sway",
      "track": "Sway - Sped Up Version",
      "uri": "spotify:track:3P4Lsg2MNqG8XLXZJUo4GT"
    },
    {
      "artist": "David Guetta",
      "album": "7",
      "track": "Say My Name",
      "uri": "spotify:track:0YammaEkYSeo9vQYZ1OwS6"
    },
    {
      "artist": "Alan Walker",
      "album": "Different World",
      "track": "Faded",
      "uri": "spotify:track:698ItKASDavgwZ3WjaWjtz"
    },
    {
      "artist": "Avicii",
      "album": "True",
      "track": "Wake Me Up",
      "uri": "spotify:track:0nrRP2bk19rLc0orkWPQk2"
    },
    {
      "artist": "Jaymes Young",
      "album": "Feel Something",
      "track": "Infinity",
      "uri": "spotify:track:1SOClUWhOi8vHZYMz3GluK"
    },
    {
      "artist": "GAYLE",
      "album": "abcdefu",
      "track": "abcdefu",
      "uri": "spotify:track:4fouWK6XVHhzl78KzQ1UjL"
    },
    {
      "artist": "Will Smith",
      "album": "Aladdin",
      "track": "Arabian Nights (2019)",
      "uri": "spotify:track:6ZxPYutGhjLTrcmvcshCa4"
    },
    {
      "artist": "Bruno Mars",
      "album": "Doo-Wops & Hooligans",
      "track": "The Lazy Song",
      "uri": "spotify:track:1ExfPZEiahqhLyajhybFeS"
    },
    {
      "artist": "benny blanco",
      "album": "I Can’t Get Enough (benny blanco, Selena Gomez, J Balvin, Tainy)",
      "track": "I Can’t Get Enough (benny blanco, Selena Gomez, J Balvin, Tainy)",
      "uri": "spotify:track:1WSGTYKLEpKfNQYYW5Oymt"
    },
    {
      "artist": "David Guetta",
      "album": "Listen",
      "track": "Hey Mama (feat. Nicki Minaj, Bebe Rexha & Afrojack)",
      "uri": "spotify:track:285HeuLxsngjFn4GGegGNm"
    },
    {
      "artist": "Halsey",
      "album": "hopeless fountain kingdom",
      "track": "Walls Could Talk",
      "uri": "spotify:track:5ln5yQdUywVbf8HhFsOcd6"
    },
    {
      "artist": "Atif Aslam",
      "album": "Prince",
      "track": "Tere Liye",
      "uri": "spotify:track:0fCQRUbk8LIQTdQYGNtGyv"
    },
    {
      "artist": "Connor Price",
      "album": "Violet",
      "track": "Violet",
      "uri": "spotify:track:3zb9k8UUuKz5tYmKJvNqQA"
    },
    {
      "artist": "【kirash】",
      "album": "Love Nwantiti",
      "track": "Love Nwantiti - slowed + reverb",
      "uri": "spotify:track:1bAWkKsLtwrBPVFMKT5KQz"
    },
    {
      "artist": "Soran",
      "album": "Bottled Up",
      "track": "Bottled Up",
      "uri": "spotify:track:62OhbVFaFnxYDhz07TdTnV"
    },
    {
      "artist": "salem ilese",
      "album": "PS5 (with TOMORROW X TOGETHER & Alan Walker)",
      "track": "PS5 (with TOMORROW X TOGETHER & Alan Walker)",
      "uri": "spotify:track:7xNCacksfUkYXsXuSW4vNF"
    },
    {
      "artist": "HVME",
      "album": "Goosebumps",
      "track": "Goosebumps",
      "uri": "spotify:track:20McUFi8KCIVdNDLrkTDuZ"
    },
    {
      "artist": "blackbear",
      "album": "everything means nothing",
      "track": "hot girl bummer",
      "uri": "spotify:track:2mt1IqcFyY1zmYZT8Q3xw9"
    },
    {
      "artist": "A.R. Rahman",
      "album": "Highway",
      "track": "Maahi Ve",
      "uri": "spotify:track:1sbW5E7w8tnqpYk0Frx8QG"
    },
    {
      "artist": "Ajey Nagar (CarryMinati)",
      "album": "Yalgaar",
      "track": "Yalgaar",
      "uri": "spotify:track:0RGp4KA9wvndxqPIWoKwnD"
    },
    {
      "artist": "Coldplay",
      "album": "A Head Full of Dreams",
      "track": "Hymn for the Weekend",
      "uri": "spotify:track:3RiPr603aXAoi4GHyXx0uy"
    },
    {
      "artist": "Katy Perry",
      "album": "One Of The Boys",
      "track": "I Kissed A Girl",
      "uri": "spotify:track:1pXrR5Y9OgcIV2JEAl2lCB"
    },
    {
      "artist": "Russ Millions",
      "album": "One Of A Kind Music Presents: Reggae & Calypso (Russ Millions x Buni x YV)",
      "track": "Reggae & Calypso (Russ Millions x Buni x YV)",
      "uri": "spotify:track:3FMedgGsLUNwx8NciePFEK"
    },
    {
      "artist": "Ilkay Sencan",
      "album": "Rockstar",
      "track": "Rockstar",
      "uri": "spotify:track:4OgwXdylh75fHfwUzJTUqg"
    },
    {
      "artist": "benny blanco",
      "album": "Eastside (with Halsey & Khalid)",
      "track": "Eastside (with Halsey & Khalid)",
      "uri": "spotify:track:0d2iYfpKoM0QCKvcLCkBao"
    },
    {
      "artist": "Imagine Dragons",
      "album": "Bones",
      "track": "Bones",
      "uri": "spotify:track:0HqZX76SFLDz2aW8aiqi7G"
    },
    {
      "artist": "Madilyn Bailey",
      "album": "Drivers License (Cover)",
      "track": "Drivers License (Cover)",
      "uri": "spotify:track:0ru3miIBm4m38j2PvpyhvI"
    },
    {
      "artist": "Jason Derulo",
      "album": "Take You Dancing",
      "track": "Take You Dancing",
      "uri": "spotify:track:59qrUpoplZxbIZxk6X0Bm3"
    },
    {
      "artist": "NEFFEX",
      "album": "Cold",
      "track": "Cold",
      "uri": "spotify:track:2FpWhUMOPGUVR95DkfKjGH"
    },
    {
      "artist": "Maroon 5",
      "album": "Red Pill Blues",
      "track": "Stereo Hearts - Live In Manchester",
      "uri": "spotify:track:7wXjEQzlkeyzuOeGvv3Gkv"
    },
    {
      "artist": "Cascada",
      "album": "Everytime We Touch",
      "track": "Bad Boy",
      "uri": "spotify:track:1p5jgCAGFDBIBs6ZbWIMvA"
    },
    {
      "artist": "Alan Walker",
      "album": "Different World",
      "track": "Darkside",
      "uri": "spotify:track:6SRWhUJcD2YKahCwHavz3X"
    },
    {
      "artist": "Bazzi",
      "album": "COSMIC",
      "track": "Mine",
      "uri": "spotify:track:7uzmGiiJyRfuViKKK3lVmR"
    },
    {
      "artist": "Meghan Trainor",
      "album": "Title",
      "track": "Title",
      "uri": "spotify:track:0k5hoseEJnCAbpRh38dNoI"
    },
    {
      "artist": "Bruno Mars",
      "album": "24K Magic",
      "track": "That's What I Like",
      "uri": "spotify:track:0KKkJNfGyhkQ5aFogxQAPU"
    },
    {
      "artist": "Ava Max",
      "album": "Heaven & Hell",
      "track": "Kings & Queens",
      "uri": "spotify:track:1InCpEliLCkWHOBdXW7XSx"
    },
    {
      "artist": "Khalid",
      "album": "American Teen",
      "track": "Young Dumb & Broke",
      "uri": "spotify:track:5Z3GHaZ6ec9bsiI5BenrbY"
    },
    {
      "artist": "Trinidad Cardona",
      "album": "Dinero",
      "track": "Dinero",
      "uri": "spotify:track:3ggtU1ZOKO8ZNiqPNyXGcm"
    },
    {
      "artist": "Will Berger",
      "album": "Stunnin'",
      "track": "Stunnin'",
      "uri": "spotify:track:1TspRdAeXT84D6ZivBPoLm"
    },
    {
      "artist": "Yugo",
      "album": "Ace Of Spades",
      "track": "Ace Of Spades",
      "uri": "spotify:track:25hBPclfiojT5Wf2kUIr1M"
    },
    {
      "artist": "Spice",
      "album": "Go Down Deh (feat. Shaggy and Sean Paul)",
      "track": "Go Down Deh (feat. Shaggy and Sean Paul)",
      "uri": "spotify:track:0VzBKgimNRMauaqzT2rEnS"
    },
    {
      "artist": "Alan Walker",
      "album": "Different World",
      "track": "Lily",
      "uri": "spotify:track:0lks2Kt9veMOFEAPN0fsqN"
    },
    {
      "artist": "DJ Snake",
      "album": "Carte Blanche",
      "track": "Loco Contigo (feat. J. Balvin & Tyga)",
      "uri": "spotify:track:6osaMSJh9NguagEDQcZaKx"
    },
    {
      "artist": "The Weeknd",
      "album": "Starboy",
      "track": "Starboy",
      "uri": "spotify:track:7MXVkk9YMctZqd1Srtv4MB"
    },
    {
      "artist": "Desiigner",
      "album": "Panda",
      "track": "Panda",
      "uri": "spotify:track:6r2jK1A6oFRPREZfxjc5d1"
    },
    {
      "artist": "B3Y0NDA110DD$",
      "album": "Life Ain't Fair",
      "track": "Life Ain't Fair",
      "uri": "spotify:track:2HP59JGIaJjuTZ6r48qG39"
    },
    {
      "artist": "Akon",
      "album": "Trouble",
      "track": "Lonely",
      "uri": "spotify:track:1IpYDWB31L1CxDQZztadSi"
    },
    {
      "artist": "Masked Wolf",
      "album": "Astronaut In The Ocean",
      "track": "Astronaut In The Ocean",
      "uri": "spotify:track:3Ofmpyhv5UAQ70mENzB277"
    },
    {
      "artist": "The Score",
      "album": "Pressure",
      "track": "The Fear",
      "uri": "spotify:track:2cppGOIz0cuDnKoGzrDsJQ"
    },
    {
      "artist": "MC Fioti",
      "album": "Joga O Bum Bum Tam Tam",
      "track": "Joga O Bum Bum Tam Tam",
      "uri": "spotify:track:30GqVivI3eb7OgonUemcjf"
    },
    {
      "artist": "Ed Sheeran",
      "album": "Shivers",
      "track": "Shivers",
      "uri": "spotify:track:75MNhvTCCKsST3YqqUiU9r"
    },
    {
      "artist": "Lokodre",
      "album": "Middle Of the Night",
      "track": "Middle Of the Night - Slowed",
      "uri": "spotify:track:1jdT4LcJjPVypPFcpJPMot"
    },
    {
      "artist": "The Chainsmokers",
      "album": "Memories...Do Not Open",
      "track": "Something Just Like This",
      "uri": "spotify:track:6RUKPb4LETWmmr3iAEQktW"
    },
    {
      "artist": "Shaggy",
      "album": "Hot Shot",
      "track": "It Wasn't Me",
      "uri": "spotify:track:3WkibOpDF7cQ5xntM1epyf"
    },
    {
      "artist": "XXXTENTACION",
      "album": "?",
      "track": "Moonlight",
      "uri": "spotify:track:0JP9xo3adEtGSdUEISiszL"
    },
    {
      "artist": "The Strumbellas",
      "album": "Hope",
      "track": "Spirits",
      "uri": "spotify:track:7GJ572zvnU94VZVrj5XRtb"
    },
    {
      "artist": "Tones And I",
      "album": "Dance Monkey (Stripped Back) / Dance Monkey",
      "track": "Dance Monkey",
      "uri": "spotify:track:2XU0oxnq2qxCpomAAuJY8K"
    },
    {
      "artist": "Britney Spears",
      "album": "The Essential Britney Spears",
      "track": "Oops!...I Did It Again - Remastered",
      "uri": "spotify:track:5CM8R2WwihXJz9evO7Rumo"
    },
    {
      "artist": "MAGIC!",
      "album": "Don't Kill the Magic",
      "track": "Rude",
      "uri": "spotify:track:6RtPijgfPKROxEzTHNRiDp"
    },
    {
      "artist": "Maroon 5",
      "album": "Overexposed Track By Track",
      "track": "Payphone",
      "uri": "spotify:track:1XGmzt0PVuFgQYYnV2It7A"
    },
    {
      "artist": "Twenty One Pilots",
      "album": "Blurryface",
      "track": "Stressed Out",
      "uri": "spotify:track:3CRDbSIZ4r5MsZ0YwxuEkn"
    },
    {
      "artist": "Doja Cat",
      "album": "Planet Her",
      "track": "Kiss Me More (feat. SZA)",
      "uri": "spotify:track:3DarAbFujv6eYNliUTyqtz"
    },
    {
      "artist": "Ruth B.",
      "album": "Dandelions",
      "track": "Dandelions - slowed + reverb",
      "uri": "spotify:track:6fhG2KJgwO7CrNflRaRmvp"
    },
    {
      "artist": "Dua Lipa",
      "album": "Dua Lipa",
      "track": "New Rules",
      "uri": "spotify:track:2ekn2ttSfGqwhhate0LSR0"
    },
    {
      "artist": "Melanie Martinez",
      "album": "Cry Baby",
      "track": "Play Date",
      "uri": "spotify:track:4DpNNXFMMxQEKl7r0ykkWA"
    },
    {
      "artist": "Andy Grammer",
      "album": "Magazines Or Novels",
      "track": "Honey, I'm Good.",
      "uri": "spotify:track:4Tt6GiWS2V9sQjZjS2xjp2"
    },
    {
      "artist": "K.Flay",
      "album": "Every Where Is Some Where",
      "track": "High Enough",
      "uri": "spotify:track:1qwno7xb5mJe71xtMS6jl2"
    },
    {
      "artist": "Jonas Brothers",
      "album": "Happiness Begins",
      "track": "Sucker",
      "uri": "spotify:track:22vgEDb5hykfaTwLuskFGD"
    },
    {
      "artist": "Bruno Mars",
      "album": "Doo-Wops & Hooligans",
      "track": "Talking to the Moon",
      "uri": "spotify:track:161DnLWsx1i3u1JT05lzqU"
    },
    {
      "artist": "Nusrat Fateh Ali Khan",
      "album": "Baadshaho",
      "track": "Mere Rashke Qamar",
      "uri": "spotify:track:4sNiMTu47WkUgW87qeUlWF"
    },
    {
      "artist": "Flo Rida",
      "album": "Red Hot R & B",
      "track": "Right Round",
      "uri": "spotify:track:16nHjvEhYAxpdpeHWfBZZK"
    },
    {
      "artist": "HFEDOT",
      "album": "Balenciaga",
      "track": "Balenciaga",
      "uri": "spotify:track:46dpsSesKLs4f8fyuAQ2Cn"
    },
    {
      "artist": "Bastille",
      "album": "Pompeii",
      "track": "Pompeii",
      "uri": "spotify:track:7Fw5i56my24ZBnGS7hFX2n"
    },
    {
      "artist": "Ed Sheeran",
      "album": "÷",
      "track": "Perfect",
      "uri": "spotify:track:0tgVpDi06FyKpA1z0VMD4v"
    },
    {
      "artist": "The Weeknd",
      "album": "After Hours",
      "track": "Blinding Lights",
      "uri": "spotify:track:0VjIjW4GlUZAMYd2vXMi3b"
    },
    {
      "artist": "Braun Demeter",
      "album": "Often",
      "track": "Often",
      "uri": "spotify:track:1cy9B843IZli5OJrKhFLkz"
    },
    {
      "artist": "FelixThe1st",
      "album": "Own Brand Freestyle",
      "track": "Own Brand Freestyle",
      "uri": "spotify:track:6Jzdxguk63s6CVVXHIrQ0x"
    },
    {
      "artist": "Katy Perry",
      "album": "Harleys In Hawaii",
      "track": "Harleys In Hawaii",
      "uri": "spotify:track:5nCthAh3jt4xKuLJAifAaR"
    },
    {
      "artist": "The Weeknd",
      "album": "Beauty Behind The Madness",
      "track": "The Hills",
      "uri": "spotify:track:7fBv7CLKzipRk6EC6TWHOB"
    },
    {
      "artist": "Twenty One Pilots",
      "album": "Heathens",
      "track": "Heathens",
      "uri": "spotify:track:6i0V12jOa3mr6uu4WYhUBr"
    },
    {
      "artist": "Lil Nas X",
      "album": "MONTERO",
      "track": "THATS WHAT I WANT",
      "uri": "spotify:track:0e8nrvls4Qqv5Rfa2UhqmO"
    },
    {
      "artist": "qtpie",
      "album": "oh no, oh no, oh no no no",
      "track": "oh no, oh no, oh no no no",
      "uri": "spotify:track:6UKFMChLwo4TSY1qXEAd5t"
    },
    {
      "artist": "MC Kaique da VP",
      "album": "Taca a Xereca pra Mim",
      "track": "Taca a Xereca pra Mim",
      "uri": "spotify:track:2GqCEJpzmD81AJ2H0Hyz5T"
    },
    {
      "artist": "Neoni",
      "album": "Wars In A Wonderland",
      "track": "DARKSIDE",
      "uri": "spotify:track:6xlOnm5MITIKtixzJW8R0j"
    },
    {
      "artist": "Calvin Harris",
      "album": "One Kiss (with Dua Lipa)",
      "track": "One Kiss (with Dua Lipa)",
      "uri": "spotify:track:7ef4DlsgrMEH11cDZd32M6"
    },
    {
      "artist": "The Chainsmokers",
      "album": "Don't Let Me Down",
      "track": "Don't Let Me Down",
      "uri": "spotify:track:1i1fxkWeaMmKEB4T7zqbzK"
    },
    {
      "artist": "Dirty Heads",
      "album": "Vacation",
      "track": "Vacation",
      "uri": "spotify:track:7cdy4PbCdDZZNjyxoZyE0c"
    },
    {
      "artist": "Rauf & Faik",
      "album": "это ли счастье?",
      "track": "это ли счастье?",
      "uri": "spotify:track:65cYA2DbCETUTylYI75HgP"
    },
    {
      "artist": "Marshmello",
      "album": "Happier",
      "track": "Happier",
      "uri": "spotify:track:2dpaYNEQHiRxtZbfNsse99"
    },
    {
      "artist": "Shakira",
      "album": "The 2014 FIFA World Cup Official Album: One Love, One Rhythm",
      "track": "La La La (Brazil 2014) (feat. Carlinhos Brown)",
      "uri": "spotify:track:2A17TySL9lcoRTA28w9yfB"
    },
    {
      "artist": "Arijit Singh",
      "album": "Pal Pal Dil Ke Paas- Title Track (From \"Pal Pal Dil Ke Paas\")",
      "track": "Pal Pal Dil Ke Paas- Title Track",
      "uri": "spotify:track:7lGhrfren1Zpwh0ds0zuUg"
    },
    {
      "artist": "Ritviz",
      "album": "Ved",
      "track": "Jeet",
      "uri": "spotify:track:2nEntnpNpsJNhw1wLY8O96"
    },
    {
      "artist": "Bonde R300",
      "album": "Oh Nanana",
      "track": "Oh Nanana",
      "uri": "spotify:track:3ao5U0ksMLvgSoJqOpsgmv"
    },
    {
      "artist": "Charlie Puth",
      "album": "Nine Track Mind",
      "track": "We Don't Talk Anymore (feat. Selena Gomez)",
      "uri": "spotify:track:06KyNuuMOX1ROXRhj787tj"
    },
    {
      "artist": "One Direction",
      "album": "Midnight Memories (Deluxe)",
      "track": "Best Song Ever",
      "uri": "spotify:track:5T7ZFtCcOgkpjxcuaeZbw0"
    },
    {
      "artist": "Alice Merton",
      "album": "Mint",
      "track": "No Roots",
      "uri": "spotify:track:3D5wnLaeVlCCIPzQOOAirA"
    },
    {
      "artist": "Luis Fonsi",
      "album": "Échame La Culpa",
      "track": "Échame La Culpa",
      "uri": "spotify:track:2hl6q70unbviGo3g1R7uFx"
    },
    {
      "artist": "Camila Cabello",
      "album": "Camila",
      "track": "She Loves Control",
      "uri": "spotify:track:5HwnezK198pJCEj1l2Adjy"
    },
    {
      "artist": "Manu Pilas",
      "album": "Bella Ciao (Música Original de la Serie la Casa de Papel/ Money Heist)",
      "track": "Bella Ciao - Música Original de la Serie la Casa de Papel/ Money Heist",
      "uri": "spotify:track:3lWzVNe1yFZlkeBBzUuZYu"
    },
    {
      "artist": "Doja Cat",
      "album": "Birds of Prey: The Album",
      "track": "Boss Bitch",
      "uri": "spotify:track:0kEzNFvi5ZOlwn6ly5DR8i"
    },
    {
      "artist": "Britney Spears",
      "album": "Femme Fatale (Deluxe Version)",
      "track": "Criminal",
      "uri": "spotify:track:6T689Jvh5KrSXyaPtUWZtQ"
    },
    {
      "artist": "Confetti",
      "album": "Ghost",
      "track": "Ghost",
      "uri": "spotify:track:30uCmqegKQnH5AbOE51gPD"
    }
  ],
  "albums": [
    {
      "artist": "Luis Fonsi",
      "album": "Échame La Culpa",
      "uri": "spotify:album:2Tt0EzXpempSOIHFXVX42v"
    },
    {
      "artist": "Charlie Puth",
      "album": "Light Switch",
      "uri": "spotify:album:6PBwTu4IgZMQNTKtrgxzZQ"
    },
    {
      "artist": "Pritam",
      "album": "Ajab Prem Ki Ghazab Kahani",
      "uri": "spotify:album:13t8iDyl1vkhPcO3Zl29a9"
    },
    {
      "artist": "Adin Ross Freestyle",
      "album": "I Got The Strap (Freestyle)",
      "uri": "spotify:album:5IPdd4tOMnbF4ym6L7mHh7"
    },
    {
      "artist": "Pritam",
      "album": "Dilwale (Original Motion Picture Soundtrack)",
      "uri": "spotify:album:09AmTEo0Po8vC2WDcpviAT"
    },
    {
      "artist": "Alan Walker",
      "album": "Different World",
      "uri": "spotify:album:3nzuGtN3nXARvvecier4K0"
    },
    {
      "artist": "Ramin Djawadi",
      "album": "Game Of Thrones: Season 8 (Music from the HBO Series)",
      "uri": "spotify:album:3AOeatEAPjy1CKtdkaXaDq"
    },
    {
      "artist": "5 Seconds of Summer",
      "album": "13 Reasons Why",
      "uri": "spotify:album:1zbH0DnpYxaoqTojXNLQb6"
    }
  ],
  "shows": [
    {
      "name": "BB Ki Vines - Bhuvan bam",
      "publisher": "Bhuvan Bam",
      "uri": "spotify:show:608cqQlYZSGGu6tYTpdSbJ"
    }
  ],
  "episodes": [
    {
      "name": "idfc slowed - blackbear",
      "show": "Áudio",
      "uri": "spotify:episode:7lelE8RR2GUEhFa2LuoM9t"
    },
    {
      "name": "Seishun Buta Yarou wa Bunny Girl Senpai no Yume wo Minai",
      "show": "Música Piola Que No Estaba En Spotify",
      "uri": "spotify:episode:31yuCkRxJqYD4eSEtOyMiB"
    }
  ],
  "bannedTracks": [
  ],
  "artists": [
    {
      "name": "Alan Walker",
      "uri": "spotify:artist:7vk5e3vY1uw9plTHJAMwjN"
    },
    {
      "name": "CORPSE",
      "uri": "spotify:artist:7yntSJ6uojO3z6GFUVwhAW"
    },
    {
      "name": "Camila Cabello",
      "uri": "spotify:artist:4nDoRrQiYLoBzwC5BhVJzF"
    },
    {
      "name": "ColdKeys",
      "uri": "spotify:artist:48gdWox09zmCRSDK2mTged"
    },
    {
      "name": "Conor Maynard",
      "uri": "spotify:artist:6mU8ucezzms5I2kNH6HNlu"
    },
    {
      "name": "Eminem",
      "uri": "spotify:artist:7dGJo4pcD2V6oG8kP0tJRR"
    },
    {
      "name": "Imagine Dragons",
      "uri": "spotify:artist:53XhwfbYqKCa1cC15pYq2q"
    },
    {
      "name": "Justin Bieber",
      "uri": "spotify:artist:1uNFoZAHBGtllmzznpCI3s"
    },
    {
      "name": "KSI",
      "uri": "spotify:artist:1nzgtKYFckznkcVMR3Gg4z"
    },
    {
      "name": "Maroon 5",
      "uri": "spotify:artist:04gDigrS5kc9YWfZHwBETP"
    },
    {
      "name": "Marshmello",
      "uri": "spotify:artist:64KEffDW9EtZ1y2vBYgq8T"
    },
    {
      "name": "Martin Garrix",
      "uri": "spotify:artist:60d24wfXkVzDSfLS6hyCjZ"
    },
    {
      "name": "Michael Jackson",
      "uri": "spotify:artist:3fMbdgg4jU18AjLCKBhRSm"
    },
    {
      "name": "Neha Kakkar",
      "uri": "spotify:artist:5f4QpKfy7ptCHwTqspnSJI"
    },
    {
      "name": "OneRepublic",
      "uri": "spotify:artist:5Pwc4xIPtQLFEnJriah9YJ"
    },
    {
      "name": "Post Malone",
      "uri": "spotify:artist:246dkjvS1zLTtiykXe5h60"
    },
    {
      "name": "Sanam",
      "uri": "spotify:artist:7o7doCwqft91WC690aglWC"
    },
    {
      "name": "Selena Gomez",
      "uri": "spotify:artist:0C8ZW7ezQVs4URX5aX7Kqx"
    },
    {
      "name": "Shawn Mendes",
      "uri": "spotify:artist:7n2wHs1TKAczGzO7Dd2rGr"
    }
  ],
  "bannedArtists": [
  ],
  "other": [
    "spotify:local:::game-of-thrones-theme-song-ringtone-30782:87",
    "spotify:local:::sherlock-theme-song:27"
  ]
}